Date,Workout Name,Exercise Name,Set Order,Weight,Reps,Distance,Seconds,Notes,Workout Notes,RPE
2021-02-01 13:45:00,"Q&D Mix x100","Kettlebell Swing",1,40.0,10,0,0,"","",
2021-02-01 13:45:00,"Q&D Mix x100","Kettlebell Swing",2,40.0,10,0,0,,,
2021-02-01 13:45:00,"Q&D Mix x100","Chest Dip",1,0,10,0,0,"",,
2021-02-01 13:45:00,"Q&D Mix x100","Chest Dip",2,0,10,0,0,,,
2021-02-01 13:45:00,"Q&D Mix x100","Kettlebell Swing",1,40.0,5,0,0,"",,
2021-02-01 13:45:00,"Q&D Mix x100","Kettlebell Swing",2,40.0,5,0,0,,,
2021-02-01 13:45:00,"Q&D Mix x100","Kettlebell Swing",3,40.0,5,0,0,,,
2021-02-01 13:45:00,"Q&D Mix x100","Kettlebell Swing",4,40.0,5,0,0,,,
2021-02-01 13:45:00,"Q&D Mix x100","Chest Dip",1,0,5,0,0,"",,
2021-02-01 13:45:00,"Q&D Mix x100","Chest Dip",2,0,5,0,0,,,
2021-02-01 13:45:00,"Q&D Mix x100","Chest Dip",3,0,5,0,0,,,
2021-02-01 13:45:00,"Q&D Mix x100","Chest Dip",4,0,5,0,0,,,
2021-02-01 13:45:00,"Q&D Mix x100","Kettlebell Swing",1,40.0,10,0,0,"",,
2021-02-01 13:45:00,"Q&D Mix x100","Kettlebell Swing",2,40.0,10,0,0,,,
2021-02-01 13:45:00,"Q&D Mix x100","Chest Dip",1,0,10,0,0,"",,
2021-02-01 13:45:00,"Q&D Mix x100","Chest Dip",2,0,10,0,0,,,
2021-02-01 13:45:00,"Q&D Mix x100","Kettlebell Swing",1,40.0,5,0,0,"",,
2021-02-01 13:45:00,"Q&D Mix x100","Kettlebell Swing",2,40.0,5,0,0,,,
2021-02-01 13:45:00,"Q&D Mix x100","Kettlebell Swing",3,40.0,5,0,0,,,
2021-02-01 13:45:00,"Q&D Mix x100","Kettlebell Swing",4,40.0,5,0,0,,,
2021-02-01 13:45:00,"Q&D Mix x100","Chest Dip",1,0,5,0,0,"",,
2021-02-01 13:45:00,"Q&D Mix x100","Chest Dip",2,0,5,0,0,,,
2021-02-01 13:45:00,"Q&D Mix x100","Chest Dip",3,0,5,0,0,,,
2021-02-01 13:45:00,"Q&D Mix x100","Chest Dip",4,0,5,0,0,,,
2021-02-01 13:45:00,"Q&D Mix x100","Kettlebell Swing",1,40.0,10,0,0,"",,
2021-02-01 13:45:00,"Q&D Mix x100","Kettlebell Swing",2,40.0,10,0,0,,,
2021-02-01 13:45:00,"Q&D Mix x100","Chest Dip",1,0,10,0,0,"",,
2021-02-01 13:45:00,"Q&D Mix x100","Chest Dip",2,0,10,0,0,,,
2021-02-02 13:30:00,"RPT Session 1","Deadlift (Barbell)",1,20.0,10,0,0,"Progress","",
2021-02-02 13:30:00,"RPT Session 1","Deadlift (Barbell)",2,55.0,5,0,0,,,
2021-02-02 13:30:00,"RPT Session 1","Deadlift (Barbell)",3,85.0,3,0,0,,,
2021-02-02 13:30:00,"RPT Session 1","Deadlift (Barbell)",4,120.0,1,0,0,,,
2021-02-02 13:30:00,"RPT Session 1","Deadlift (Barbell)",5,140.0,9,0,0,,,
2021-02-02 13:30:00,"RPT Session 1","Deadlift (Barbell)",6,125.0,10,0,0,,,
2021-02-02 13:30:00,"RPT Session 1","Overhead Press (Barbell)",1,20.0,10,0,0,"Progress",,
2021-02-02 13:30:00,"RPT Session 1","Overhead Press (Barbell)",2,32.5,3,0,0,,,
2021-02-02 13:30:00,"RPT Session 1","Overhead Press (Barbell)",3,55.0,10,0,0,,,
2021-02-02 13:30:00,"RPT Session 1","Overhead Press (Barbell)",4,50.0,10,0,0,,,
2021-02-02 13:30:00,"RPT Session 1","Overhead Press (Barbell)",5,45.0,10,0,0,,,
2021-02-02 13:30:00,"RPT Session 1","Bicep Curl (Barbell)",1,45.0,8,0,0,"",,
2021-02-02 13:30:00,"RPT Session 1","Bicep Curl (Barbell)",2,40.0,10,0,0,,,
2021-02-02 13:30:00,"RPT Session 1","Skullcrusher (Barbell)",1,47.5,8,0,0,"",,
2021-02-02 13:30:00,"RPT Session 1","Skullcrusher (Barbell)",2,42.5,10,0,0,,,
2021-02-03 13:44:54,"Q&D Mix x80","Kettlebell Swing",1,40.0,10,0,0,"","",
2021-02-03 13:44:54,"Q&D Mix x80","Kettlebell Swing",2,40.0,10,0,0,,,
2021-02-03 13:44:54,"Q&D Mix x80","Chest Dip",1,0,10,0,0,"",,
2021-02-03 13:44:54,"Q&D Mix x80","Chest Dip",2,0,10,0,0,,,
2021-02-03 13:44:54,"Q&D Mix x80","Kettlebell Swing",1,40.0,5,0,0,"",,
2021-02-03 13:44:54,"Q&D Mix x80","Kettlebell Swing",2,40.0,5,0,0,,,
2021-02-03 13:44:54,"Q&D Mix x80","Kettlebell Swing",3,40.0,5,0,0,,,
2021-02-03 13:44:54,"Q&D Mix x80","Kettlebell Swing",4,40.0,5,0,0,,,
2021-02-03 13:44:54,"Q&D Mix x80","Chest Dip",1,0,5,0,0,"",,
2021-02-03 13:44:54,"Q&D Mix x80","Chest Dip",2,0,5,0,0,,,
2021-02-03 13:44:54,"Q&D Mix x80","Chest Dip",3,0,5,0,0,,,
2021-02-03 13:44:54,"Q&D Mix x80","Chest Dip",4,0,5,0,0,,,
2021-02-03 13:44:54,"Q&D Mix x80","Kettlebell Swing",1,40.0,10,0,0,"",,
2021-02-03 13:44:54,"Q&D Mix x80","Kettlebell Swing",2,40.0,10,0,0,,,
2021-02-03 13:44:54,"Q&D Mix x80","Chest Dip",1,0,10,0,0,"",,
2021-02-03 13:44:54,"Q&D Mix x80","Chest Dip",2,0,10,0,0,,,
2021-02-03 13:44:54,"Q&D Mix x80","Kettlebell Swing",1,40.0,5,0,0,"",,
2021-02-03 13:44:54,"Q&D Mix x80","Kettlebell Swing",2,40.0,5,0,0,,,
2021-02-03 13:44:54,"Q&D Mix x80","Kettlebell Swing",3,40.0,5,0,0,,,
2021-02-03 13:44:54,"Q&D Mix x80","Kettlebell Swing",4,40.0,5,0,0,,,
2021-02-03 13:44:54,"Q&D Mix x80","Chest Dip",1,0,5,0,0,"",,
2021-02-03 13:44:54,"Q&D Mix x80","Chest Dip",2,0,5,0,0,,,
2021-02-03 13:44:54,"Q&D Mix x80","Chest Dip",3,0,5,0,0,,,
2021-02-03 13:44:54,"Q&D Mix x80","Chest Dip",4,0,5,0,0,,,
2021-02-05 13:38:43,"RPT Session 2","Bench Press (Barbell)",1,20.0,10,0,0,"","",
2021-02-05 13:38:43,"RPT Session 2","Bench Press (Barbell)",2,35.0,5,0,0,,,
2021-02-05 13:38:43,"RPT Session 2","Bench Press (Barbell)",3,50.0,3,0,0,,,
2021-02-05 13:38:43,"RPT Session 2","Bench Press (Barbell)",4,72.5,1,0,0,,,
2021-02-05 13:38:43,"RPT Session 2","Bench Press (Barbell)",5,85.0,11,0,0,,,
2021-02-05 13:38:43,"RPT Session 2","Bench Press (Barbell)",6,80.0,11,0,0,,,
2021-02-05 13:38:43,"RPT Session 2","Bench Press (Barbell)",7,75.0,12,0,0,,,
2021-02-05 13:38:43,"RPT Session 2","Pendlay Row (Barbell)",1,42.5,3,0,0,"",,
2021-02-05 13:38:43,"RPT Session 2","Pendlay Row (Barbell)",2,60.0,1,0,0,,,
2021-02-05 13:38:43,"RPT Session 2","Pendlay Row (Barbell)",3,70.0,11,0,0,,,
2021-02-05 13:38:43,"RPT Session 2","Pendlay Row (Barbell)",4,67.5,12,0,0,,,
2021-02-05 13:38:43,"RPT Session 2","Pendlay Row (Barbell)",5,65.0,12,0,0,,,
2021-02-05 13:38:43,"RPT Session 2","Hip Thrust (Barbell)",1,47.5,3,0,0,"",,
2021-02-05 13:38:43,"RPT Session 2","Hip Thrust (Barbell)",2,67.5,1,0,0,,,
2021-02-05 13:38:43,"RPT Session 2","Hip Thrust (Barbell)",3,80.0,16,0,0,,,
2021-02-05 13:38:43,"RPT Session 2","Hip Thrust (Barbell)",4,72.5,16,0,0,,,
2021-02-05 13:38:43,"RPT Session 2","Standing Calf Raise (Dumbbell)",1,60.0,15,0,0,"",,
2021-02-05 13:38:43,"RPT Session 2","Standing Calf Raise (Dumbbell)",2,55.0,15,0,0,,,
2021-02-06 13:25:58,"Q&D 4x5 x40","Kettlebell Swing",1,40.0,5,0,0,"","",
2021-02-06 13:25:58,"Q&D 4x5 x40","Kettlebell Swing",2,40.0,5,0,0,,,
2021-02-06 13:25:58,"Q&D 4x5 x40","Kettlebell Swing",3,40.0,5,0,0,,,
2021-02-06 13:25:58,"Q&D 4x5 x40","Kettlebell Swing",4,40.0,5,0,0,,,
2021-02-06 13:25:58,"Q&D 4x5 x40","Chest Dip",1,0,5,0,0,"",,
2021-02-06 13:25:58,"Q&D 4x5 x40","Chest Dip",2,0,5,0,0,,,
2021-02-06 13:25:58,"Q&D 4x5 x40","Chest Dip",3,0,5,0,0,,,
2021-02-06 13:25:58,"Q&D 4x5 x40","Chest Dip",4,0,5,0,0,,,
2021-02-06 13:25:58,"Q&D 4x5 x40","Kettlebell Swing",1,40.0,5,0,0,"",,
2021-02-06 13:25:58,"Q&D 4x5 x40","Kettlebell Swing",2,40.0,5,0,0,,,
2021-02-06 13:25:58,"Q&D 4x5 x40","Kettlebell Swing",3,40.0,5,0,0,,,
2021-02-06 13:25:58,"Q&D 4x5 x40","Kettlebell Swing",4,40.0,5,0,0,,,
2021-02-06 13:25:58,"Q&D 4x5 x40","Chest Dip",1,0,5,0,0,"",,
2021-02-06 13:25:58,"Q&D 4x5 x40","Chest Dip",2,0,5,0,0,,,
2021-02-06 13:25:58,"Q&D 4x5 x40","Chest Dip",3,0,5,0,0,,,
2021-02-06 13:25:58,"Q&D 4x5 x40","Chest Dip",4,0,5,0,0,,,
2021-02-07 13:38:02,"RPT Session 3","Squat (Barbell)",1,20.0,10,0,0,"","",
2021-02-07 13:38:02,"RPT Session 3","Squat (Barbell)",2,45.0,5,0,0,,,
2021-02-07 13:38:02,"RPT Session 3","Squat (Barbell)",3,65.0,3,0,0,,,
2021-02-07 13:38:02,"RPT Session 3","Squat (Barbell)",4,92.5,1,0,0,,,
2021-02-07 13:38:02,"RPT Session 3","Squat (Barbell)",5,110.0,11,0,0,,,
2021-02-07 13:38:02,"RPT Session 3","Squat (Barbell)",6,100.0,11,0,0,,,
2021-02-07 13:38:02,"RPT Session 3","Squat (Barbell)",7,90.0,11,0,0,,,
2021-02-07 13:38:02,"RPT Session 3","Standing Calf Raise (Dumbbell)",1,65.0,15,0,0,"",,
2021-02-07 13:38:02,"RPT Session 3","Standing Calf Raise (Dumbbell)",2,57.5,15,0,0,,,
2021-02-07 13:38:02,"RPT Session 3","Bicep Curl (Barbell)",1,45.0,9,0,0,"",,
2021-02-07 13:38:02,"RPT Session 3","Bicep Curl (Barbell)",2,40.0,11,0,0,,,
2021-02-07 13:38:02,"RPT Session 3","Skullcrusher (Barbell)",1,47.5,9,0,0,"",,
2021-02-07 13:38:02,"RPT Session 3","Skullcrusher (Barbell)",2,42.5,11,0,0,,,
2021-02-09 14:27:33,"RPT Session 1","Deadlift (Barbell)",1,20.0,10,0,0,"","",
2021-02-09 14:27:33,"RPT Session 1","Deadlift (Barbell)",2,57.5,5,0,0,,,
2021-02-09 14:27:33,"RPT Session 1","Deadlift (Barbell)",3,87.5,3,0,0,,,
2021-02-09 14:27:33,"RPT Session 1","Deadlift (Barbell)",4,122.5,1,0,0,,,
2021-02-09 14:27:33,"RPT Session 1","Deadlift (Barbell)",5,145.0,9,0,0,,,
2021-02-09 14:27:33,"RPT Session 1","Deadlift (Barbell)",6,130.0,11,0,0,,,
2021-02-09 14:27:33,"RPT Session 1","Overhead Press (Barbell)",1,20.0,10,0,0,"",,
2021-02-09 14:27:33,"RPT Session 1","Overhead Press (Barbell)",2,35.0,5,0,0,,,
2021-02-09 14:27:33,"RPT Session 1","Overhead Press (Barbell)",3,57.5,10,0,0,,,
2021-02-09 14:27:33,"RPT Session 1","Overhead Press (Barbell)",4,52.5,9,0,0,,,
2021-02-09 14:27:33,"RPT Session 1","Overhead Press (Barbell)",5,47.5,10,0,0,,,
2021-02-09 14:27:33,"RPT Session 1","Bicep Curl (Barbell)",1,45.0,10,0,0,"",,
2021-02-09 14:27:33,"RPT Session 1","Bicep Curl (Barbell)",2,40.0,11,0,0,,,
2021-02-09 14:27:33,"RPT Session 1","Skullcrusher (Barbell)",1,47.5,10,0,0,"",,
2021-02-09 14:27:33,"RPT Session 1","Skullcrusher (Barbell)",2,42.5,11,0,0,,,
2021-02-10 13:38:47,"Q&D 4x5 x40","Kettlebell Swing",1,40.0,5,0,0,"","",
2021-02-10 13:38:47,"Q&D 4x5 x40","Kettlebell Swing",2,40.0,5,0,0,,,
2021-02-10 13:38:47,"Q&D 4x5 x40","Kettlebell Swing",3,40.0,5,0,0,,,
2021-02-10 13:38:47,"Q&D 4x5 x40","Kettlebell Swing",4,40.0,5,0,0,,,
2021-02-10 13:38:47,"Q&D 4x5 x40","Chest Dip",1,0,5,0,0,"",,
2021-02-10 13:38:47,"Q&D 4x5 x40","Chest Dip",2,0,5,0,0,,,
2021-02-10 13:38:47,"Q&D 4x5 x40","Chest Dip",3,0,5,0,0,,,
2021-02-10 13:38:47,"Q&D 4x5 x40","Chest Dip",4,0,5,0,0,,,
2021-02-10 13:38:47,"Q&D 4x5 x40","Kettlebell Swing",1,40.0,5,0,0,"",,
2021-02-10 13:38:47,"Q&D 4x5 x40","Kettlebell Swing",2,40.0,5,0,0,,,
2021-02-10 13:38:47,"Q&D 4x5 x40","Kettlebell Swing",3,40.0,5,0,0,,,
2021-02-10 13:38:47,"Q&D 4x5 x40","Kettlebell Swing",4,40.0,5,0,0,,,
2021-02-10 13:38:47,"Q&D 4x5 x40","Chest Dip",1,0,5,0,0,"",,
2021-02-10 13:38:47,"Q&D 4x5 x40","Chest Dip",2,0,5,0,0,,,
2021-02-10 13:38:47,"Q&D 4x5 x40","Chest Dip",3,0,5,0,0,,,
2021-02-10 13:38:47,"Q&D 4x5 x40","Chest Dip",4,0,5,0,0,,,
2021-02-11 13:04:14,"RPT Session 2","Bench Press (Barbell)",1,20.0,10,0,0,"","",
2021-02-11 13:04:14,"RPT Session 2","Bench Press (Barbell)",2,35.0,5,0,0,,,
2021-02-11 13:04:14,"RPT Session 2","Bench Press (Barbell)",3,52.5,3,0,0,,,
2021-02-11 13:04:14,"RPT Session 2","Bench Press (Barbell)",4,75.0,1,0,0,,,
2021-02-11 13:04:14,"RPT Session 2","Bench Press (Barbell)",5,87.5,12,0,0,,,
2021-02-11 13:04:14,"RPT Session 2","Bench Press (Barbell)",6,82.5,12,0,0,,,
2021-02-11 13:04:14,"RPT Session 2","Bench Press (Barbell)",7,77.5,12,0,0,,,
2021-02-11 13:04:14,"RPT Session 2","Pendlay Row (Barbell)",1,60.0,1,0,0,"",,
2021-02-11 13:04:14,"RPT Session 2","Pendlay Row (Barbell)",2,72.5,12,0,0,,,
2021-02-11 13:04:14,"RPT Session 2","Pendlay Row (Barbell)",3,70.0,13,0,0,,,
2021-02-11 13:04:14,"RPT Session 2","Pendlay Row (Barbell)",4,67.5,13,0,0,,,
2021-02-11 13:04:14,"RPT Session 2","Hip Thrust (Barbell)",1,60.0,3,0,0,"",,
2021-02-11 13:04:14,"RPT Session 2","Hip Thrust (Barbell)",2,85.0,15,0,0,,,
2021-02-11 13:04:14,"RPT Session 2","Hip Thrust (Barbell)",3,77.5,16,0,0,,,
2021-02-11 13:04:14,"RPT Session 2","Hip Thrust (Barbell)",4,70.0,17,0,0,,,
2021-02-12 13:26:54,"Q&D 2x10 x100","Kettlebell Swing",1,40.0,10,0,0,"","",
2021-02-12 13:26:54,"Q&D 2x10 x100","Kettlebell Swing",2,40.0,10,0,0,,,
2021-02-12 13:26:54,"Q&D 2x10 x100","Chest Dip",1,0,10,0,0,"",,
2021-02-12 13:26:54,"Q&D 2x10 x100","Chest Dip",2,0,10,0,0,,,
2021-02-12 13:26:54,"Q&D 2x10 x100","Kettlebell Swing",1,40.0,10,0,0,"",,
2021-02-12 13:26:54,"Q&D 2x10 x100","Kettlebell Swing",2,40.0,10,0,0,,,
2021-02-12 13:26:54,"Q&D 2x10 x100","Chest Dip",1,0,10,0,0,"",,
2021-02-12 13:26:54,"Q&D 2x10 x100","Chest Dip",2,0,10,0,0,,,
2021-02-12 13:26:54,"Q&D 2x10 x100","Kettlebell Swing",1,40.0,10,0,0,"",,
2021-02-12 13:26:54,"Q&D 2x10 x100","Kettlebell Swing",2,40.0,10,0,0,,,
2021-02-12 13:26:54,"Q&D 2x10 x100","Chest Dip",1,0,10,0,0,"",,
2021-02-12 13:26:54,"Q&D 2x10 x100","Chest Dip",2,0,10,0,0,,,
2021-02-12 13:26:54,"Q&D 2x10 x100","Kettlebell Swing",1,40.0,10,0,0,"",,
2021-02-12 13:26:54,"Q&D 2x10 x100","Kettlebell Swing",2,40.0,10,0,0,,,
2021-02-12 13:26:54,"Q&D 2x10 x100","Chest Dip",1,0,10,0,0,"",,
2021-02-12 13:26:54,"Q&D 2x10 x100","Chest Dip",2,0,10,0,0,,,
2021-02-12 13:26:54,"Q&D 2x10 x100","Kettlebell Swing",1,40.0,10,0,0,"",,
2021-02-12 13:26:54,"Q&D 2x10 x100","Kettlebell Swing",2,40.0,10,0,0,,,
2021-02-12 13:26:54,"Q&D 2x10 x100","Chest Dip",1,0,10,0,0,"",,
2021-02-12 13:26:54,"Q&D 2x10 x100","Chest Dip",2,0,10,0,0,,,
2021-02-13 14:23:26,"RPT Session 3","Squat (Barbell)",1,20.0,10,0,0,"","",
2021-02-13 14:23:26,"RPT Session 3","Squat (Barbell)",2,45.0,5,0,0,,,
2021-02-13 14:23:26,"RPT Session 3","Squat (Barbell)",3,70.0,3,0,0,,,
2021-02-13 14:23:26,"RPT Session 3","Squat (Barbell)",4,97.5,1,0,0,,,
2021-02-13 14:23:26,"RPT Session 3","Squat (Barbell)",5,115.0,11,0,0,,,
2021-02-13 14:23:26,"RPT Session 3","Squat (Barbell)",6,102.5,12,0,0,,,
2021-02-13 14:23:26,"RPT Session 3","Squat (Barbell)",7,92.5,13,0,0,,,
2021-02-13 14:23:26,"RPT Session 3","Standing Calf Raise (Dumbbell)",1,72.0,12,0,0,"",,
2021-02-13 14:23:26,"RPT Session 3","Standing Calf Raise (Dumbbell)",2,64.0,13,0,0,,,
2021-02-13 14:23:26,"RPT Session 3","Bicep Curl (Barbell)",1,47.5,7,0,0,"",,
2021-02-13 14:23:26,"RPT Session 3","Bicep Curl (Barbell)",2,42.5,10,0,0,,,
2021-02-13 14:23:26,"RPT Session 3","Skullcrusher (Barbell)",1,50.0,7,0,0,"",,
2021-02-13 14:23:26,"RPT Session 3","Skullcrusher (Barbell)",2,45.0,10,0,0,,,
2021-02-15 13:44:10,"Q&D 4x5 x60","Kettlebell Swing",1,40.0,5,0,0,"","",
2021-02-15 13:44:10,"Q&D 4x5 x60","Kettlebell Swing",2,40.0,5,0,0,,,
2021-02-15 13:44:10,"Q&D 4x5 x60","Kettlebell Swing",3,40.0,5,0,0,,,
2021-02-15 13:44:10,"Q&D 4x5 x60","Kettlebell Swing",4,40.0,5,0,0,,,
2021-02-15 13:44:10,"Q&D 4x5 x60","Chest Dip",1,0,5,0,0,"",,
2021-02-15 13:44:10,"Q&D 4x5 x60","Chest Dip",2,0,5,0,0,,,
2021-02-15 13:44:10,"Q&D 4x5 x60","Chest Dip",3,0,5,0,0,,,
2021-02-15 13:44:10,"Q&D 4x5 x60","Chest Dip",4,0,5,0,0,,,
2021-02-15 13:44:10,"Q&D 4x5 x60","Kettlebell Swing",1,40.0,5,0,0,"",,
2021-02-15 13:44:10,"Q&D 4x5 x60","Kettlebell Swing",2,40.0,5,0,0,,,
2021-02-15 13:44:10,"Q&D 4x5 x60","Kettlebell Swing",3,40.0,5,0,0,,,
2021-02-15 13:44:10,"Q&D 4x5 x60","Kettlebell Swing",4,40.0,5,0,0,,,
2021-02-15 13:44:10,"Q&D 4x5 x60","Chest Dip",1,0,5,0,0,"",,
2021-02-15 13:44:10,"Q&D 4x5 x60","Chest Dip",2,0,5,0,0,,,
2021-02-15 13:44:10,"Q&D 4x5 x60","Chest Dip",3,0,5,0,0,,,
2021-02-15 13:44:10,"Q&D 4x5 x60","Chest Dip",4,0,5,0,0,,,
2021-02-15 13:44:10,"Q&D 4x5 x60","Kettlebell Swing",1,40.0,5,0,0,"",,
2021-02-15 13:44:10,"Q&D 4x5 x60","Kettlebell Swing",2,40.0,5,0,0,,,
2021-02-15 13:44:10,"Q&D 4x5 x60","Kettlebell Swing",3,40.0,5,0,0,,,
2021-02-15 13:44:10,"Q&D 4x5 x60","Kettlebell Swing",4,40.0,5,0,0,,,
2021-02-15 13:44:10,"Q&D 4x5 x60","Chest Dip",1,0,5,0,0,"",,
2021-02-15 13:44:10,"Q&D 4x5 x60","Chest Dip",2,0,5,0,0,,,
2021-02-15 13:44:10,"Q&D 4x5 x60","Chest Dip",3,0,5,0,0,,,
2021-02-15 13:44:10,"Q&D 4x5 x60","Chest Dip",4,0,5,0,0,,,
2021-02-16 13:39:48,"RPT Session 1","Deadlift (Barbell)",1,20.0,10,0,0,"","",
2021-02-16 13:39:48,"RPT Session 1","Deadlift (Barbell)",2,60.0,5,0,0,,,
2021-02-16 13:39:48,"RPT Session 1","Deadlift (Barbell)",3,90.0,3,0,0,,,
2021-02-16 13:39:48,"RPT Session 1","Deadlift (Barbell)",4,127.5,1,0,0,,,
2021-02-16 13:39:48,"RPT Session 1","Deadlift (Barbell)",5,150.0,9,0,0,,,
2021-02-16 13:39:48,"RPT Session 1","Deadlift (Barbell)",6,135.0,10,0,0,,,
2021-02-16 13:39:48,"RPT Session 1","Overhead Press (Barbell)",1,20.0,10,0,0,"",,
2021-02-16 13:39:48,"RPT Session 1","Overhead Press (Barbell)",2,40.0,5,0,0,,,
2021-02-16 13:39:48,"RPT Session 1","Overhead Press (Barbell)",3,60.0,8,0,0,,,
2021-02-16 13:39:48,"RPT Session 1","Overhead Press (Barbell)",4,55.0,8,0,0,,,
2021-02-16 13:39:48,"RPT Session 1","Overhead Press (Barbell)",5,50.0,8,0,0,,,
2021-02-16 13:39:48,"RPT Session 1","Bicep Curl (Barbell)",1,47.5,7,0,0,"",,
2021-02-16 13:39:48,"RPT Session 1","Bicep Curl (Barbell)",2,42.5,11,0,0,,,
2021-02-16 13:39:48,"RPT Session 1","Skullcrusher (Barbell)",1,50.0,8,0,0,"",,
2021-02-16 13:39:48,"RPT Session 1","Skullcrusher (Barbell)",2,45.0,12,0,0,,,
2021-02-17 13:44:56,"Q&D 2x10 x80","Kettlebell Swing",1,40.0,10,0,0,"","",
2021-02-17 13:44:56,"Q&D 2x10 x80","Kettlebell Swing",2,40.0,10,0,0,,,
2021-02-17 13:44:56,"Q&D 2x10 x80","Chest Dip",1,0,10,0,0,"",,
2021-02-17 13:44:56,"Q&D 2x10 x80","Chest Dip",2,0,10,0,0,,,
2021-02-17 13:44:56,"Q&D 2x10 x80","Kettlebell Swing",1,40.0,10,0,0,"",,
2021-02-17 13:44:56,"Q&D 2x10 x80","Kettlebell Swing",2,40.0,10,0,0,,,
2021-02-17 13:44:56,"Q&D 2x10 x80","Chest Dip",1,0,10,0,0,"",,
2021-02-17 13:44:56,"Q&D 2x10 x80","Chest Dip",2,0,10,0,0,,,
2021-02-17 13:44:56,"Q&D 2x10 x80","Kettlebell Swing",1,40.0,10,0,0,"",,
2021-02-17 13:44:56,"Q&D 2x10 x80","Kettlebell Swing",2,40.0,10,0,0,,,
2021-02-17 13:44:56,"Q&D 2x10 x80","Chest Dip",1,0,10,0,0,"",,
2021-02-17 13:44:56,"Q&D 2x10 x80","Chest Dip",2,0,10,0,0,,,
2021-02-17 13:44:56,"Q&D 2x10 x80","Kettlebell Swing",1,40.0,10,0,0,"",,
2021-02-17 13:44:56,"Q&D 2x10 x80","Kettlebell Swing",2,40.0,10,0,0,,,
2021-02-17 13:44:56,"Q&D 2x10 x80","Chest Dip",1,0,10,0,0,"",,
2021-02-17 13:44:56,"Q&D 2x10 x80","Chest Dip",2,0,10,0,0,,,
2021-02-18 13:38:42,"RPT Session 2","Bench Press (Barbell)",1,20.0,10,0,0,"","",
2021-02-18 13:38:42,"RPT Session 2","Bench Press (Barbell)",2,40.0,5,0,0,,,
2021-02-18 13:38:42,"RPT Session 2","Bench Press (Barbell)",3,60.0,3,0,0,,,
2021-02-18 13:38:42,"RPT Session 2","Bench Press (Barbell)",4,80.0,1,0,0,,,
2021-02-18 13:38:42,"RPT Session 2","Bench Press (Barbell)",5,90.0,12,0,0,,,
2021-02-18 13:38:42,"RPT Session 2","Bench Press (Barbell)",6,85.0,10,0,0,,,
2021-02-18 13:38:42,"RPT Session 2","Bench Press (Barbell)",7,80.0,12,0,0,,,
2021-02-18 13:38:42,"RPT Session 2","Pendlay Row (Barbell)",1,60.0,1,0,0,"",,
2021-02-18 13:38:42,"RPT Session 2","Pendlay Row (Barbell)",2,75.0,12,0,0,,,
2021-02-18 13:38:42,"RPT Session 2","Pendlay Row (Barbell)",3,72.5,12,0,0,,,
2021-02-18 13:38:42,"RPT Session 2","Pendlay Row (Barbell)",4,70.0,12,0,0,,,
2021-02-18 13:38:42,"RPT Session 2","Hip Thrust (Barbell)",1,70.0,3,0,0,"",,
2021-02-18 13:38:42,"RPT Session 2","Hip Thrust (Barbell)",2,90.0,15,0,0,,,
2021-02-18 13:38:42,"RPT Session 2","Hip Thrust (Barbell)",3,80.0,16,0,0,,,
2021-02-18 13:38:42,"RPT Session 2","Hip Thrust (Barbell)",4,72.5,17,0,0,,,
2021-02-23 13:45:11,"RPT Session 1","Deadlift (Barbell)",1,20.0,10,0,0,"","",
2021-02-23 13:45:11,"RPT Session 1","Deadlift (Barbell)",2,62.5,5,0,0,,,
2021-02-23 13:45:11,"RPT Session 1","Deadlift (Barbell)",3,92.5,3,0,0,,,
2021-02-23 13:45:11,"RPT Session 1","Deadlift (Barbell)",4,132.5,1,0,0,,,
2021-02-23 13:45:11,"RPT Session 1","Deadlift (Barbell)",5,155.0,7,0,0,,,
2021-02-23 13:45:11,"RPT Session 1","Deadlift (Barbell)",6,140.0,9,0,0,,,
2021-02-23 13:45:11,"RPT Session 1","Overhead Press (Barbell)",1,20.0,10,0,0,"",,
2021-02-23 13:45:11,"RPT Session 1","Overhead Press (Barbell)",2,40.0,5,0,0,,,
2021-02-23 13:45:11,"RPT Session 1","Overhead Press (Barbell)",3,62.5,8,0,0,,,
2021-02-23 13:45:11,"RPT Session 1","Overhead Press (Barbell)",4,57.5,8,0,0,,,
2021-02-23 13:45:11,"RPT Session 1","Overhead Press (Barbell)",5,52.5,8,0,0,,,
2021-02-24 12:23:29,"Q&D 4x5 x40","Kettlebell Swing",1,40.0,5,0,0,"","",
2021-02-24 12:23:29,"Q&D 4x5 x40","Kettlebell Swing",2,40.0,5,0,0,,,
2021-02-24 12:23:29,"Q&D 4x5 x40","Kettlebell Swing",3,40.0,5,0,0,,,
2021-02-24 12:23:29,"Q&D 4x5 x40","Kettlebell Swing",4,40.0,5,0,0,,,
2021-02-24 12:23:29,"Q&D 4x5 x40","Chest Dip",1,0,5,0,0,"",,
2021-02-24 12:23:29,"Q&D 4x5 x40","Chest Dip",2,0,5,0,0,,,
2021-02-24 12:23:29,"Q&D 4x5 x40","Chest Dip",3,0,5,0,0,,,
2021-02-24 12:23:29,"Q&D 4x5 x40","Chest Dip",4,0,5,0,0,,,
2021-02-24 12:23:29,"Q&D 4x5 x40","Kettlebell Swing",1,40.0,5,0,0,"",,
2021-02-24 12:23:29,"Q&D 4x5 x40","Kettlebell Swing",2,40.0,5,0,0,,,
2021-02-24 12:23:29,"Q&D 4x5 x40","Kettlebell Swing",3,40.0,5,0,0,,,
2021-02-24 12:23:29,"Q&D 4x5 x40","Kettlebell Swing",4,40.0,5,0,0,,,
2021-02-24 12:23:29,"Q&D 4x5 x40","Chest Dip",1,0,5,0,0,"",,
2021-02-24 12:23:29,"Q&D 4x5 x40","Chest Dip",2,0,5,0,0,,,
2021-02-24 12:23:29,"Q&D 4x5 x40","Chest Dip",3,0,5,0,0,,,
2021-02-24 12:23:29,"Q&D 4x5 x40","Chest Dip",4,0,5,0,0,,,
2021-02-25 13:44:15,"RPT Session 2","Bench Press (Barbell)",1,20.0,10,0,0,"","",
2021-02-25 13:44:15,"RPT Session 2","Bench Press (Barbell)",2,40.0,5,0,0,,,
2021-02-25 13:44:15,"RPT Session 2","Bench Press (Barbell)",3,60.0,3,0,0,,,
2021-02-25 13:44:15,"RPT Session 2","Bench Press (Barbell)",4,80.0,1,0,0,,,
2021-02-25 13:44:15,"RPT Session 2","Bench Press (Barbell)",5,95.0,10,0,0,,,
2021-02-25 13:44:15,"RPT Session 2","Bench Press (Barbell)",6,90.0,11,0,0,,,
2021-02-25 13:44:15,"RPT Session 2","Bench Press (Barbell)",7,85.0,10,0,0,,,
2021-02-25 13:44:15,"RPT Session 2","Pendlay Row (Barbell)",1,60.0,1,0,0,"",,
2021-02-25 13:44:15,"RPT Session 2","Pendlay Row (Barbell)",2,77.5,12,0,0,,,
2021-02-25 13:44:15,"RPT Session 2","Pendlay Row (Barbell)",3,75.0,12,0,0,,,
2021-02-25 13:44:15,"RPT Session 2","Pendlay Row (Barbell)",4,72.5,12,0,0,,,
2021-02-26 13:55:22,"Q&D 4x5 x80","Kettlebell Swing",1,48.0,5,0,0,"","",
2021-02-26 13:55:22,"Q&D 4x5 x80","Kettlebell Swing",2,48.0,5,0,0,,,
2021-02-26 13:55:22,"Q&D 4x5 x80","Kettlebell Swing",3,48.0,5,0,0,,,
2021-02-26 13:55:22,"Q&D 4x5 x80","Kettlebell Swing",4,48.0,5,0,0,,,
2021-02-26 13:55:22,"Q&D 4x5 x80","Chest Dip",1,0,5,0,0,"",,
2021-02-26 13:55:22,"Q&D 4x5 x80","Chest Dip",2,0,5,0,0,,,
2021-02-26 13:55:22,"Q&D 4x5 x80","Chest Dip",3,0,5,0,0,,,
2021-02-26 13:55:22,"Q&D 4x5 x80","Chest Dip",4,0,5,0,0,,,
2021-02-26 13:55:22,"Q&D 4x5 x80","Kettlebell Swing",1,48.0,5,0,0,"",,
2021-02-26 13:55:22,"Q&D 4x5 x80","Kettlebell Swing",2,48.0,5,0,0,,,
2021-02-26 13:55:22,"Q&D 4x5 x80","Kettlebell Swing",3,48.0,5,0,0,,,
2021-02-26 13:55:22,"Q&D 4x5 x80","Kettlebell Swing",4,48.0,5,0,0,,,
2021-02-26 13:55:22,"Q&D 4x5 x80","Chest Dip",1,0,5,0,0,"",,
2021-02-26 13:55:22,"Q&D 4x5 x80","Chest Dip",2,0,5,0,0,,,
2021-02-26 13:55:22,"Q&D 4x5 x80","Chest Dip",3,0,5,0,0,,,
2021-02-26 13:55:22,"Q&D 4x5 x80","Chest Dip",4,0,5,0,0,,,
2021-02-26 13:55:22,"Q&D 4x5 x80","Kettlebell Swing",1,48.0,5,0,0,"",,
2021-02-26 13:55:22,"Q&D 4x5 x80","Kettlebell Swing",2,48.0,5,0,0,,,
2021-02-26 13:55:22,"Q&D 4x5 x80","Kettlebell Swing",3,48.0,5,0,0,,,
2021-02-26 13:55:22,"Q&D 4x5 x80","Kettlebell Swing",4,48.0,5,0,0,,,
2021-02-26 13:55:22,"Q&D 4x5 x80","Chest Dip",1,0,5,0,0,"",,
2021-02-26 13:55:22,"Q&D 4x5 x80","Chest Dip",2,0,5,0,0,,,
2021-02-26 13:55:22,"Q&D 4x5 x80","Chest Dip",3,0,5,0,0,,,
2021-02-26 13:55:22,"Q&D 4x5 x80","Chest Dip",4,0,5,0,0,,,
2021-02-26 13:55:22,"Q&D 4x5 x80","Kettlebell Swing",1,48.0,5,0,0,"",,
2021-02-26 13:55:22,"Q&D 4x5 x80","Kettlebell Swing",2,48.0,5,0,0,,,
2021-02-26 13:55:22,"Q&D 4x5 x80","Kettlebell Swing",3,48.0,5,0,0,,,
2021-02-26 13:55:22,"Q&D 4x5 x80","Kettlebell Swing",4,48.0,5,0,0,,,
2021-02-26 13:55:22,"Q&D 4x5 x80","Chest Dip",1,0,5,0,0,"",,
2021-02-26 13:55:22,"Q&D 4x5 x80","Chest Dip",2,0,5,0,0,,,
2021-02-26 13:55:22,"Q&D 4x5 x80","Chest Dip",3,0,5,0,0,,,
2021-02-26 13:55:22,"Q&D 4x5 x80","Chest Dip",4,0,5,0,0,,,
2021-02-27 14:02:10,"RPT Session 3","Squat (Barbell)",1,20.0,10,0,0,"","",
2021-02-27 14:02:10,"RPT Session 3","Squat (Barbell)",2,47.5,5,0,0,,,
2021-02-27 14:02:10,"RPT Session 3","Squat (Barbell)",3,75.0,3,0,0,,,
2021-02-27 14:02:10,"RPT Session 3","Squat (Barbell)",4,102.5,1,0,0,,,
2021-02-27 14:02:10,"RPT Session 3","Squat (Barbell)",5,120.0,10,0,0,,,
2021-02-27 14:02:10,"RPT Session 3","Squat (Barbell)",6,107.5,12,0,0,,,
2021-02-27 14:02:10,"RPT Session 3","Squat (Barbell)",7,97.5,13,0,0,,,
2021-03-01 13:31:11,"Q&D 2x10 x60","Kettlebell Swing",1,40.0,10,0,0,"","",
2021-03-01 13:31:11,"Q&D 2x10 x60","Kettlebell Swing",2,40.0,10,0,0,,,
2021-03-01 13:31:11,"Q&D 2x10 x60","Chest Dip",1,0,10,0,0,"",,
2021-03-01 13:31:11,"Q&D 2x10 x60","Chest Dip",2,0,10,0,0,,,
2021-03-01 13:31:11,"Q&D 2x10 x60","Kettlebell Swing",1,40.0,10,0,0,"",,
2021-03-01 13:31:11,"Q&D 2x10 x60","Kettlebell Swing",2,40.0,10,0,0,,,
2021-03-01 13:31:11,"Q&D 2x10 x60","Chest Dip",1,0,10,0,0,"",,
2021-03-01 13:31:11,"Q&D 2x10 x60","Chest Dip",2,0,10,0,0,,,
2021-03-01 13:31:11,"Q&D 2x10 x60","Kettlebell Swing",1,40.0,10,0,0,"",,
2021-03-01 13:31:11,"Q&D 2x10 x60","Kettlebell Swing",2,40.0,10,0,0,,,
2021-03-01 13:31:11,"Q&D 2x10 x60","Chest Dip",1,0,10,0,0,"",,
2021-03-01 13:31:11,"Q&D 2x10 x60","Chest Dip",2,0,10,0,0,,,
2021-03-03 14:01:08,"Q&D 4x5 x80","Kettlebell Swing",1,48.0,5,0,0,"","",
2021-03-03 14:01:08,"Q&D 4x5 x80","Kettlebell Swing",2,48.0,5,0,0,,,
2021-03-03 14:01:08,"Q&D 4x5 x80","Kettlebell Swing",3,48.0,5,0,0,,,
2021-03-03 14:01:08,"Q&D 4x5 x80","Kettlebell Swing",4,48.0,5,0,0,,,
2021-03-03 14:01:08,"Q&D 4x5 x80","Chest Dip",1,0,5,0,0,"",,
2021-03-03 14:01:08,"Q&D 4x5 x80","Chest Dip",2,0,5,0,0,,,
2021-03-03 14:01:08,"Q&D 4x5 x80","Chest Dip",3,0,5,0,0,,,
2021-03-03 14:01:08,"Q&D 4x5 x80","Chest Dip",4,0,5,0,0,,,
2021-03-03 14:01:08,"Q&D 4x5 x80","Kettlebell Swing",1,48.0,5,0,0,"",,
2021-03-03 14:01:08,"Q&D 4x5 x80","Kettlebell Swing",2,48.0,5,0,0,,,
2021-03-03 14:01:08,"Q&D 4x5 x80","Kettlebell Swing",3,48.0,5,0,0,,,
2021-03-03 14:01:08,"Q&D 4x5 x80","Kettlebell Swing",4,48.0,5,0,0,,,
2021-03-03 14:01:08,"Q&D 4x5 x80","Chest Dip",1,0,5,0,0,"",,
2021-03-03 14:01:08,"Q&D 4x5 x80","Chest Dip",2,0,5,0,0,,,
2021-03-03 14:01:08,"Q&D 4x5 x80","Chest Dip",3,0,5,0,0,,,
2021-03-03 14:01:08,"Q&D 4x5 x80","Chest Dip",4,0,5,0,0,,,
2021-03-03 14:01:08,"Q&D 4x5 x80","Kettlebell Swing",1,48.0,5,0,0,"",,
2021-03-03 14:01:08,"Q&D 4x5 x80","Kettlebell Swing",2,48.0,5,0,0,,,
2021-03-03 14:01:08,"Q&D 4x5 x80","Kettlebell Swing",3,48.0,5,0,0,,,
2021-03-03 14:01:08,"Q&D 4x5 x80","Kettlebell Swing",4,48.0,5,0,0,,,
2021-03-03 14:01:08,"Q&D 4x5 x80","Chest Dip",1,0,5,0,0,"",,
2021-03-03 14:01:08,"Q&D 4x5 x80","Chest Dip",2,0,5,0,0,,,
2021-03-03 14:01:08,"Q&D 4x5 x80","Chest Dip",3,0,5,0,0,,,
2021-03-03 14:01:08,"Q&D 4x5 x80","Chest Dip",4,0,5,0,0,,,
2021-03-03 14:01:08,"Q&D 4x5 x80","Kettlebell Swing",1,48.0,5,0,0,"",,
2021-03-03 14:01:08,"Q&D 4x5 x80","Kettlebell Swing",2,48.0,5,0,0,,,
2021-03-03 14:01:08,"Q&D 4x5 x80","Kettlebell Swing",3,48.0,5,0,0,,,
2021-03-03 14:01:08,"Q&D 4x5 x80","Kettlebell Swing",4,48.0,5,0,0,,,
2021-03-03 14:01:08,"Q&D 4x5 x80","Chest Dip",1,0,5,0,0,"",,
2021-03-03 14:01:08,"Q&D 4x5 x80","Chest Dip",2,0,5,0,0,,,
2021-03-03 14:01:08,"Q&D 4x5 x80","Chest Dip",3,0,5,0,0,,,
2021-03-03 14:01:08,"Q&D 4x5 x80","Chest Dip",4,0,5,0,0,,,
2021-03-04 12:06:01,"RPT Session 2","Bench Press (Barbell)",1,20.0,10,0,0,"","",
2021-03-04 12:06:01,"RPT Session 2","Bench Press (Barbell)",2,40.0,5,0,0,,,
2021-03-04 12:06:01,"RPT Session 2","Bench Press (Barbell)",3,57.5,3,0,0,,,
2021-03-04 12:06:01,"RPT Session 2","Bench Press (Barbell)",4,82.5,1,0,0,,,
2021-03-04 12:06:01,"RPT Session 2","Bench Press (Barbell)",5,97.5,9,0,0,,,
2021-03-04 12:06:01,"RPT Session 2","Bench Press (Barbell)",6,92.5,10,0,0,,,
2021-03-04 12:06:01,"RPT Session 2","Bench Press (Barbell)",7,87.5,11,0,0,,,
2021-03-04 12:06:01,"RPT Session 2","Pendlay Row (Barbell)",1,60.0,1,0,0,"",,
2021-03-04 12:06:01,"RPT Session 2","Pendlay Row (Barbell)",2,80.0,12,0,0,,,
2021-03-04 12:06:01,"RPT Session 2","Pendlay Row (Barbell)",3,75.0,12,0,0,,,
2021-03-04 12:06:01,"RPT Session 2","Pendlay Row (Barbell)",4,70.0,13,0,0,,,
2021-03-05 12:15:51,"Q&D 2x10 x100","Kettlebell Swing",1,48.0,10,0,0,"","",
2021-03-05 12:15:51,"Q&D 2x10 x100","Kettlebell Swing",2,48.0,10,0,0,,,
2021-03-05 12:15:51,"Q&D 2x10 x100","Chest Dip",1,0,10,0,0,"",,
2021-03-05 12:15:51,"Q&D 2x10 x100","Chest Dip",2,0,10,0,0,,,
2021-03-05 12:15:51,"Q&D 2x10 x100","Kettlebell Swing",1,48.0,10,0,0,"",,
2021-03-05 12:15:51,"Q&D 2x10 x100","Kettlebell Swing",2,48.0,10,0,0,,,
2021-03-05 12:15:51,"Q&D 2x10 x100","Chest Dip",1,0,10,0,0,"",,
2021-03-05 12:15:51,"Q&D 2x10 x100","Chest Dip",2,0,10,0,0,,,
2021-03-05 12:15:51,"Q&D 2x10 x100","Kettlebell Swing",1,48.0,10,0,0,"",,
2021-03-05 12:15:51,"Q&D 2x10 x100","Kettlebell Swing",2,48.0,10,0,0,,,
2021-03-05 12:15:51,"Q&D 2x10 x100","Chest Dip",1,0,10,0,0,"",,
2021-03-05 12:15:51,"Q&D 2x10 x100","Chest Dip",2,0,10,0,0,,,
2021-03-05 12:15:51,"Q&D 2x10 x100","Kettlebell Swing",1,48.0,10,0,0,"",,
2021-03-05 12:15:51,"Q&D 2x10 x100","Kettlebell Swing",2,48.0,10,0,0,,,
2021-03-05 12:15:51,"Q&D 2x10 x100","Chest Dip",1,0,10,0,0,"",,
2021-03-05 12:15:51,"Q&D 2x10 x100","Chest Dip",2,0,10,0,0,,,
2021-03-05 12:15:51,"Q&D 2x10 x100","Kettlebell Swing",1,48.0,10,0,0,"",,
2021-03-05 12:15:51,"Q&D 2x10 x100","Kettlebell Swing",2,48.0,10,0,0,,,
2021-03-05 12:15:51,"Q&D 2x10 x100","Chest Dip",1,0,10,0,0,"",,
2021-03-05 12:15:51,"Q&D 2x10 x100","Chest Dip",2,0,10,0,0,,,
2021-03-06 13:55:16,"RPT Session 3","Squat (Barbell)",1,20.0,10,0,0,"too much pain","",
2021-03-06 13:55:16,"RPT Session 3","Squat (Barbell)",2,50.0,5,0,0,,,
2021-03-06 13:55:16,"RPT Session 3","Squat (Barbell)",3,75.0,3,0,0,,,
2021-03-06 13:55:16,"RPT Session 3","Squat (Barbell)",4,107.5,1,0,0,,,
2021-03-06 13:55:16,"RPT Session 3","Squat (Barbell)",5,125.0,1,0,0,,,
2021-03-06 13:55:16,"RPT Session 3","Squat (Barbell)",6,112.5,0,0,0,,,
2021-03-06 13:55:16,"RPT Session 3","Squat (Barbell)",7,102.5,0,0,0,,,
2021-03-06 13:55:16,"RPT Session 3","Hip Thrust (Barbell)",1,70.0,3,0,0,"",,
2021-03-06 13:55:16,"RPT Session 3","Hip Thrust (Barbell)",2,95.0,15,0,0,,,
2021-03-06 13:55:16,"RPT Session 3","Hip Thrust (Barbell)",3,85.0,16,0,0,,,
2021-03-06 13:55:16,"RPT Session 3","Hip Thrust (Barbell)",4,77.5,17,0,0,,,
2021-03-08 14:59:51,"Q&D Mix x60","Kettlebell Swing",1,48.0,10,0,0,"","",
2021-03-08 14:59:51,"Q&D Mix x60","Kettlebell Swing",2,48.0,10,0,0,,,
2021-03-08 14:59:51,"Q&D Mix x60","Chest Dip",1,0,10,0,0,"",,
2021-03-08 14:59:51,"Q&D Mix x60","Chest Dip",2,0,10,0,0,,,
2021-03-08 14:59:51,"Q&D Mix x60","Kettlebell Swing",1,48.0,5,0,0,"",,
2021-03-08 14:59:51,"Q&D Mix x60","Kettlebell Swing",2,48.0,5,0,0,,,
2021-03-08 14:59:51,"Q&D Mix x60","Kettlebell Swing",3,48.0,5,0,0,,,
2021-03-08 14:59:51,"Q&D Mix x60","Kettlebell Swing",4,48.0,5,0,0,,,
2021-03-08 14:59:51,"Q&D Mix x60","Chest Dip",1,0,5,0,0,"",,
2021-03-08 14:59:51,"Q&D Mix x60","Chest Dip",2,0,5,0,0,,,
2021-03-08 14:59:51,"Q&D Mix x60","Chest Dip",3,0,5,0,0,,,
2021-03-08 14:59:51,"Q&D Mix x60","Chest Dip",4,0,5,0,0,,,
2021-03-08 14:59:51,"Q&D Mix x60","Kettlebell Swing",1,48.0,10,0,0,"",,
2021-03-08 14:59:51,"Q&D Mix x60","Kettlebell Swing",2,48.0,10,0,0,,,
2021-03-08 14:59:51,"Q&D Mix x60","Chest Dip",1,0,10,0,0,"",,
2021-03-08 14:59:51,"Q&D Mix x60","Chest Dip",2,0,10,0,0,,,
2021-03-10 13:31:22,"RPT Session 1","Deadlift (Barbell)",1,20.0,10,0,0,"","",
2021-03-10 13:31:22,"RPT Session 1","Deadlift (Barbell)",2,60.0,5,0,0,,,
2021-03-10 13:31:22,"RPT Session 1","Deadlift (Barbell)",3,80.0,3,0,0,,,
2021-03-10 13:31:22,"RPT Session 1","Deadlift (Barbell)",4,100.0,1,0,0,,,
2021-03-10 13:31:22,"RPT Session 1","Deadlift (Barbell)",5,112.5,5,0,0,,,
2021-03-10 13:31:22,"RPT Session 1","Deadlift (Barbell)",6,130.0,5,0,0,,,
2021-03-10 13:31:22,"RPT Session 1","Deadlift (Barbell)",7,145.0,5,0,0,,,
2021-03-10 13:31:22,"RPT Session 1","Deadlift (Barbell)",8,97.5,10,0,0,,,
2021-03-10 13:31:22,"RPT Session 1","Deadlift (Barbell)",9,97.5,10,0,0,,,
2021-03-10 13:31:22,"RPT Session 1","Deadlift (Barbell)",10,97.5,10,0,0,,,
2021-03-10 13:31:22,"RPT Session 1","Deadlift (Barbell)",11,97.5,10,0,0,,,
2021-03-10 13:31:22,"RPT Session 1","Deadlift (Barbell)",12,97.5,10,0,0,,,
2021-03-11 14:17:15,"Q&D Mix x80","Kettlebell Swing",1,48.0,10,0,0,"","",
2021-03-11 14:17:15,"Q&D Mix x80","Kettlebell Swing",2,48.0,10,0,0,,,
2021-03-11 14:17:15,"Q&D Mix x80","Chest Dip",1,0,10,0,0,"",,
2021-03-11 14:17:15,"Q&D Mix x80","Chest Dip",2,0,10,0,0,,,
2021-03-11 14:17:15,"Q&D Mix x80","Kettlebell Swing",1,48.0,5,0,0,"",,
2021-03-11 14:17:15,"Q&D Mix x80","Kettlebell Swing",2,48.0,5,0,0,,,
2021-03-11 14:17:15,"Q&D Mix x80","Kettlebell Swing",3,48.0,5,0,0,,,
2021-03-11 14:17:15,"Q&D Mix x80","Kettlebell Swing",4,48.0,5,0,0,,,
2021-03-11 14:17:15,"Q&D Mix x80","Chest Dip",1,0,5,0,0,"",,
2021-03-11 14:17:15,"Q&D Mix x80","Chest Dip",2,0,5,0,0,,,
2021-03-11 14:17:15,"Q&D Mix x80","Chest Dip",3,0,5,0,0,,,
2021-03-11 14:17:15,"Q&D Mix x80","Chest Dip",4,0,5,0,0,,,
2021-03-11 14:17:15,"Q&D Mix x80","Kettlebell Swing",1,48.0,10,0,0,"",,
2021-03-11 14:17:15,"Q&D Mix x80","Kettlebell Swing",2,48.0,10,0,0,,,
2021-03-11 14:17:15,"Q&D Mix x80","Chest Dip",1,0,10,0,0,"",,
2021-03-11 14:17:15,"Q&D Mix x80","Chest Dip",2,0,10,0,0,,,
2021-03-11 14:17:15,"Q&D Mix x80","Kettlebell Swing",1,48.0,5,0,0,"",,
2021-03-11 14:17:15,"Q&D Mix x80","Kettlebell Swing",2,48.0,5,0,0,,,
2021-03-11 14:17:15,"Q&D Mix x80","Kettlebell Swing",3,48.0,5,0,0,,,
2021-03-11 14:17:15,"Q&D Mix x80","Kettlebell Swing",4,48.0,5,0,0,,,
2021-03-11 14:17:15,"Q&D Mix x80","Chest Dip",1,0,5,0,0,"",,
2021-03-11 14:17:15,"Q&D Mix x80","Chest Dip",2,0,5,0,0,,,
2021-03-11 14:17:15,"Q&D Mix x80","Chest Dip",3,0,5,0,0,,,
2021-03-11 14:17:15,"Q&D Mix x80","Chest Dip",4,0,5,0,0,,,
2021-03-12 12:14:49,"RPT Session 2","Bench Press (Barbell)",1,20.0,10,0,0,"","",
2021-03-12 12:14:49,"RPT Session 2","Bench Press (Barbell)",2,50.0,5,0,0,,,
2021-03-12 12:14:49,"RPT Session 2","Bench Press (Barbell)",3,70.0,3,0,0,,,
2021-03-12 12:14:49,"RPT Session 2","Bench Press (Barbell)",4,85.0,1,0,0,,,
2021-03-12 12:14:49,"RPT Session 2","Bench Press (Barbell)",5,100.0,9,0,0,,,
2021-03-12 12:14:49,"RPT Session 2","Bench Press (Barbell)",6,95.0,9,0,0,,,
2021-03-12 12:14:49,"RPT Session 2","Bench Press (Barbell)",7,90.0,10,0,0,,,
2021-03-12 12:14:49,"RPT Session 2","Pendlay Row (Barbell)",1,60.0,1,0,0,"",,
2021-03-14 14:02:48,"Squat","Squat (Barbell)",1,20.0,10,0,0,"","Week 1: 95-107.5-122.5-67.5\nWeek 2: 87.5-102.5-115-55\nWeek 3: 102.5-115-127.5-80",
2021-03-14 14:02:48,"Squat","Squat (Barbell)",2,37.5,5,0,0,,,
2021-03-14 14:02:48,"Squat","Squat (Barbell)",3,57.5,3,0,0,,,
2021-03-14 14:02:48,"Squat","Squat (Barbell)",4,80.0,1,0,0,,,
2021-03-14 14:02:48,"Squat","Squat (Barbell)",5,90.0,1,0,0,,,
2021-03-14 14:02:48,"Squat","Squat (Barbell)",6,95.0,5,0,0,,,
2021-03-14 14:02:48,"Squat","Squat (Barbell)",7,107.5,5,0,0,,,
2021-03-14 14:02:48,"Squat","Squat (Barbell)",8,122.5,5,0,0,,,
2021-03-14 14:02:48,"Squat","Squat (Barbell)",9,67.5,10,0,0,,,
2021-03-14 14:02:48,"Squat","Squat (Barbell)",10,67.5,10,0,0,,,
2021-03-14 14:02:48,"Squat","Squat (Barbell)",11,67.5,10,0,0,,,
2021-03-14 14:02:48,"Squat","Squat (Barbell)",12,67.5,10,0,0,,,
2021-03-14 14:02:48,"Squat","Squat (Barbell)",13,67.5,10,0,0,,,
2021-03-15 14:01:45,"Q&D Mix x40","Kettlebell Swing",1,48.0,10,0,0,"","",
2021-03-15 14:01:45,"Q&D Mix x40","Kettlebell Swing",2,48.0,10,0,0,,,
2021-03-15 14:01:45,"Q&D Mix x40","Chest Dip",1,0,10,0,0,"",,
2021-03-15 14:01:45,"Q&D Mix x40","Chest Dip",2,0,10,0,0,,,
2021-03-15 14:01:45,"Q&D Mix x40","Kettlebell Swing",1,48.0,5,0,0,"",,
2021-03-15 14:01:45,"Q&D Mix x40","Kettlebell Swing",2,48.0,5,0,0,,,
2021-03-15 14:01:45,"Q&D Mix x40","Kettlebell Swing",3,48.0,5,0,0,,,
2021-03-15 14:01:45,"Q&D Mix x40","Kettlebell Swing",4,48.0,5,0,0,,,
2021-03-15 14:01:45,"Q&D Mix x40","Chest Dip",1,0,5,0,0,"",,
2021-03-15 14:01:45,"Q&D Mix x40","Chest Dip",2,0,5,0,0,,,
2021-03-15 14:01:45,"Q&D Mix x40","Chest Dip",3,0,5,0,0,,,
2021-03-15 14:01:45,"Q&D Mix x40","Chest Dip",4,0,5,0,0,,,
2021-03-16 13:32:47,"Press","Overhead Press (Barbell)",1,20.0,10,0,0,"Reduce \n","Week 1: 50-55-62.5-35\nWeek 2: 45-52.5-60-27.5\nWeek 3: 52.5-60-67.5-42.5",
2021-03-16 13:32:47,"Press","Overhead Press (Barbell)",2,30.0,5,0,0,,,
2021-03-16 13:32:47,"Press","Overhead Press (Barbell)",3,42.5,1,0,0,,,
2021-03-16 13:32:47,"Press","Overhead Press (Barbell)",4,47.5,1,0,0,,,
2021-03-16 13:32:47,"Press","Overhead Press (Barbell)",5,50.0,5,0,0,,,
2021-03-16 13:32:47,"Press","Overhead Press (Barbell)",6,55.0,5,0,0,,,
2021-03-16 13:32:47,"Press","Overhead Press (Barbell)",7,62.5,5,0,0,,,
2021-03-16 13:32:47,"Press","Overhead Press (Barbell)",8,35.0,10,0,0,,,
2021-03-16 13:32:47,"Press","Overhead Press (Barbell)",9,35.0,10,0,0,,,
2021-03-16 13:32:47,"Press","Overhead Press (Barbell)",10,35.0,10,0,0,,,
2021-03-16 13:32:47,"Press","Overhead Press (Barbell)",11,35.0,10,0,0,,,
2021-03-16 13:32:47,"Press","Overhead Press (Barbell)",12,35.0,10,0,0,,,
2021-03-16 13:32:47,"Press","Bicep Curl (Barbell)",1,30.0,8,0,0,"",,
2021-03-16 13:32:47,"Press","Bicep Curl (Barbell)",2,30.0,8,0,0,,,
2021-03-16 13:32:47,"Press","Bicep Curl (Barbell)",3,30.0,8,0,0,,,
2021-03-16 13:32:47,"Press","Bicep Curl (Barbell)",4,30.0,8,0,0,,,
2021-03-16 13:32:47,"Press","Bicep Curl (Barbell)",5,30.0,8,0,0,,,
2021-03-16 13:32:47,"Press","Bicep Curl (Barbell)",6,30.0,8,0,0,,,
2021-03-16 13:32:47,"Press","Bicep Curl (Barbell)",7,30.0,8,0,0,,,
2021-03-16 13:32:47,"Press","Bicep Curl (Barbell)",8,30.0,8,0,0,,,
2021-03-18 13:41:14,"Deadlift","Deadlift (Barbell)",1,20.0,10,0,0,"","Week 1: 112.5-130-145-80\nWeek 2: 105-122.5-137.5-65\nWeek 3: 122.5-137.5-155-97.5",
2021-03-18 13:41:14,"Deadlift","Deadlift (Barbell)",2,60.0,5,0,0,,,
2021-03-18 13:41:14,"Deadlift","Deadlift (Barbell)",3,80.0,3,0,0,,,
2021-03-18 13:41:14,"Deadlift","Deadlift (Barbell)",4,95.0,1,0,0,,,
2021-03-18 13:41:14,"Deadlift","Deadlift (Barbell)",5,105.0,5,0,0,,,
2021-03-18 13:41:14,"Deadlift","Deadlift (Barbell)",6,122.5,5,0,0,,,
2021-03-18 13:41:14,"Deadlift","Deadlift (Barbell)",7,137.5,5,0,0,,,
2021-03-18 13:41:14,"Deadlift","Deadlift (Barbell)",8,80.0,10,0,0,,,
2021-03-18 13:41:14,"Deadlift","Deadlift (Barbell)",9,80.0,10,0,0,,,
2021-03-18 13:41:14,"Deadlift","Deadlift (Barbell)",10,80.0,10,0,0,,,
2021-03-18 13:41:14,"Deadlift","Deadlift (Barbell)",11,80.0,10,0,0,,,
2021-03-18 13:41:14,"Deadlift","Deadlift (Barbell)",12,80.0,10,0,0,,,
2021-03-18 13:41:14,"Deadlift","Hanging Leg Raise",1,0,5,0,0,"",,
2021-03-18 13:41:14,"Deadlift","Hanging Leg Raise",2,0,5,0,0,,,
2021-03-18 13:41:14,"Deadlift","Hanging Leg Raise",3,0,5,0,0,,,
2021-03-18 13:41:14,"Deadlift","Hanging Leg Raise",4,0,5,0,0,,,
2021-03-18 13:41:14,"Deadlift","Hanging Leg Raise",5,0,5,0,0,,,
2021-03-18 13:41:14,"Deadlift","Hanging Leg Raise",6,0,5,0,0,,,
2021-03-18 13:41:14,"Deadlift","Hanging Leg Raise",7,0,5,0,0,,,
2021-03-18 13:41:14,"Deadlift","Hanging Leg Raise",8,0,5,0,0,,,
2021-03-19 14:18:01,"Q&D 4x5 x60","Kettlebell Swing",1,40.0,5,0,0,"","",
2021-03-19 14:18:01,"Q&D 4x5 x60","Kettlebell Swing",2,40.0,5,0,0,,,
2021-03-19 14:18:01,"Q&D 4x5 x60","Kettlebell Swing",3,40.0,5,0,0,,,
2021-03-19 14:18:01,"Q&D 4x5 x60","Kettlebell Swing",4,40.0,5,0,0,,,
2021-03-19 14:18:01,"Q&D 4x5 x60","Chest Dip",1,0,5,0,0,"",,
2021-03-19 14:18:01,"Q&D 4x5 x60","Chest Dip",2,0,5,0,0,,,
2021-03-19 14:18:01,"Q&D 4x5 x60","Chest Dip",3,0,5,0,0,,,
2021-03-19 14:18:01,"Q&D 4x5 x60","Chest Dip",4,0,5,0,0,,,
2021-03-19 14:18:01,"Q&D 4x5 x60","Kettlebell Swing",1,40.0,5,0,0,"",,
2021-03-19 14:18:01,"Q&D 4x5 x60","Kettlebell Swing",2,40.0,5,0,0,,,
2021-03-19 14:18:01,"Q&D 4x5 x60","Kettlebell Swing",3,40.0,5,0,0,,,
2021-03-19 14:18:01,"Q&D 4x5 x60","Kettlebell Swing",4,40.0,5,0,0,,,
2021-03-19 14:18:01,"Q&D 4x5 x60","Chest Dip",1,0,5,0,0,"",,
2021-03-19 14:18:01,"Q&D 4x5 x60","Chest Dip",2,0,5,0,0,,,
2021-03-19 14:18:01,"Q&D 4x5 x60","Chest Dip",3,0,5,0,0,,,
2021-03-19 14:18:01,"Q&D 4x5 x60","Chest Dip",4,0,5,0,0,,,
2021-03-19 14:18:01,"Q&D 4x5 x60","Kettlebell Swing",1,40.0,5,0,0,"",,
2021-03-19 14:18:01,"Q&D 4x5 x60","Kettlebell Swing",2,40.0,5,0,0,,,
2021-03-19 14:18:01,"Q&D 4x5 x60","Kettlebell Swing",3,40.0,5,0,0,,,
2021-03-19 14:18:01,"Q&D 4x5 x60","Kettlebell Swing",4,40.0,5,0,0,,,
2021-03-19 14:18:01,"Q&D 4x5 x60","Chest Dip",1,0,5,0,0,"",,
2021-03-19 14:18:01,"Q&D 4x5 x60","Chest Dip",2,0,5,0,0,,,
2021-03-19 14:18:01,"Q&D 4x5 x60","Chest Dip",3,0,5,0,0,,,
2021-03-19 14:18:01,"Q&D 4x5 x60","Chest Dip",4,0,5,0,0,,,
2021-03-20 13:43:35,"Bench","Bench Press (Barbell)",1,20.0,10,0,0,"","Week 1: 82.5-92.5-105-57.5\nWeek 2: 75-87.5-100-47.5\nWeek 3: 87.5-100-110-70",
2021-03-20 13:43:35,"Bench","Bench Press (Barbell)",2,32.5,5,0,0,,,
2021-03-20 13:43:35,"Bench","Bench Press (Barbell)",3,50.0,3,0,0,,,
2021-03-20 13:43:35,"Bench","Bench Press (Barbell)",4,70.0,1,0,0,,,
2021-03-20 13:43:35,"Bench","Bench Press (Barbell)",5,77.5,1,0,0,,,
2021-03-20 13:43:35,"Bench","Bench Press (Barbell)",6,82.5,5,0,0,,,
2021-03-20 13:43:35,"Bench","Bench Press (Barbell)",7,92.5,5,0,0,,,
2021-03-20 13:43:35,"Bench","Bench Press (Barbell)",8,105.0,5,0,0,,,
2021-03-20 13:43:35,"Bench","Bench Press (Barbell)",9,60.0,10,0,0,,,
2021-03-20 13:43:35,"Bench","Bench Press (Barbell)",10,60.0,10,0,0,,,
2021-03-20 13:43:35,"Bench","Bench Press (Barbell)",11,60.0,10,0,0,,,
2021-03-20 13:43:35,"Bench","Bench Press (Barbell)",12,60.0,10,0,0,,,
2021-03-20 13:43:35,"Bench","Bench Press (Barbell)",13,60.0,10,0,0,,,
2021-03-20 13:43:35,"Bench","Inverted Row (Bodyweight)",1,0,10,0,0,"",,
2021-03-20 13:43:35,"Bench","Inverted Row (Bodyweight)",2,0,10,0,0,,,
2021-03-20 13:43:35,"Bench","Inverted Row (Bodyweight)",3,0,10,0,0,,,
2021-03-20 13:43:35,"Bench","Inverted Row (Bodyweight)",4,0,10,0,0,,,
2021-03-20 13:43:35,"Bench","Inverted Row (Bodyweight)",5,0,10,0,0,,,
2021-03-20 13:43:35,"Bench","Inverted Row (Bodyweight)",6,0,10,0,0,,,
2021-03-20 13:43:35,"Bench","Inverted Row (Bodyweight)",7,0,10,0,0,,,
2021-03-20 13:43:35,"Bench","Inverted Row (Bodyweight)",8,0,10,0,0,,,
2021-03-22 13:58:54,"Q&D 2x10 x80","Kettlebell Swing",1,48.0,10,0,0,"","",
2021-03-22 13:58:54,"Q&D 2x10 x80","Kettlebell Swing",2,48.0,10,0,0,,,
2021-03-22 13:58:54,"Q&D 2x10 x80","Chest Dip",1,0,10,0,0,"",,
2021-03-22 13:58:54,"Q&D 2x10 x80","Chest Dip",2,0,10,0,0,,,
2021-03-22 13:58:54,"Q&D 2x10 x80","Kettlebell Swing",1,48.0,10,0,0,"",,
2021-03-22 13:58:54,"Q&D 2x10 x80","Kettlebell Swing",2,48.0,10,0,0,,,
2021-03-22 13:58:54,"Q&D 2x10 x80","Chest Dip",1,0,10,0,0,"",,
2021-03-22 13:58:54,"Q&D 2x10 x80","Chest Dip",2,0,10,0,0,,,
2021-03-22 13:58:54,"Q&D 2x10 x80","Kettlebell Swing",1,48.0,10,0,0,"",,
2021-03-22 13:58:54,"Q&D 2x10 x80","Kettlebell Swing",2,48.0,10,0,0,,,
2021-03-22 13:58:54,"Q&D 2x10 x80","Chest Dip",1,0,10,0,0,"",,
2021-03-22 13:58:54,"Q&D 2x10 x80","Chest Dip",2,0,10,0,0,,,
2021-03-22 13:58:54,"Q&D 2x10 x80","Kettlebell Swing",1,48.0,10,0,0,"",,
2021-03-22 13:58:54,"Q&D 2x10 x80","Kettlebell Swing",2,48.0,10,0,0,,,
2021-03-22 13:58:54,"Q&D 2x10 x80","Chest Dip",1,0,10,0,0,"",,
2021-03-22 13:58:54,"Q&D 2x10 x80","Chest Dip",2,0,10,0,0,,,
2021-03-23 13:56:38,"Squat","Squat (Barbell)",1,20.0,10,0,0,"","Week 1: 	95 - 110 - 122.5 - 67.5 or 82.5\nWeek 2: 	90 - 102.5 - 115 - 55 or 67.5\nWeek 3: 	102.5 - 115 - 130 - 82.5 or 95",
2021-03-23 13:56:38,"Squat","Squat (Barbell)",2,35.0,5,0,0,,,
2021-03-23 13:56:38,"Squat","Squat (Barbell)",3,55.0,3,0,0,,,
2021-03-23 13:56:38,"Squat","Squat (Barbell)",4,77.5,1,0,0,,,
2021-03-23 13:56:38,"Squat","Squat (Barbell)",5,85.0,1,0,0,,,
2021-03-23 13:56:38,"Squat","Squat (Barbell)",6,90.0,5,0,0,,,
2021-03-23 13:56:38,"Squat","Squat (Barbell)",7,102.5,5,0,0,,,
2021-03-23 13:56:38,"Squat","Squat (Barbell)",8,115.0,5,0,0,,,
2021-03-23 13:56:38,"Squat","Squat (Barbell)",9,60.0,10,0,0,,,
2021-03-23 13:56:38,"Squat","Squat (Barbell)",10,60.0,10,0,0,,,
2021-03-23 13:56:38,"Squat","Squat (Barbell)",11,60.0,10,0,0,,,
2021-03-23 13:56:38,"Squat","Squat (Barbell)",12,60.0,10,0,0,,,
2021-03-23 13:56:38,"Squat","Squat (Barbell)",13,60.0,10,0,0,,,
2021-03-23 13:56:38,"Squat","Bicep Curl (Barbell)",1,30.0,9,0,0,"",,
2021-03-23 13:56:38,"Squat","Bicep Curl (Barbell)",2,30.0,9,0,0,,,
2021-03-23 13:56:38,"Squat","Bicep Curl (Barbell)",3,30.0,9,0,0,,,
2021-03-23 13:56:38,"Squat","Bicep Curl (Barbell)",4,30.0,9,0,0,,,
2021-03-23 13:56:38,"Squat","Bicep Curl (Barbell)",5,30.0,9,0,0,,,
2021-03-23 13:56:38,"Squat","Bicep Curl (Barbell)",6,30.0,9,0,0,,,
2021-03-23 13:56:38,"Squat","Bicep Curl (Barbell)",7,30.0,9,0,0,,,
2021-03-23 13:56:38,"Squat","Bicep Curl (Barbell)",8,30.0,9,0,0,,,
2021-03-24 13:07:32,"Q&D Mix x60","Kettlebell Swing",1,48.0,10,0,0,"","",
2021-03-24 13:07:32,"Q&D Mix x60","Kettlebell Swing",2,48.0,10,0,0,,,
2021-03-24 13:07:32,"Q&D Mix x60","Chest Dip",1,0,10,0,0,"",,
2021-03-24 13:07:32,"Q&D Mix x60","Chest Dip",2,0,10,0,0,,,
2021-03-24 13:07:32,"Q&D Mix x60","Kettlebell Swing",1,48.0,5,0,0,"",,
2021-03-24 13:07:32,"Q&D Mix x60","Kettlebell Swing",2,48.0,5,0,0,,,
2021-03-24 13:07:32,"Q&D Mix x60","Kettlebell Swing",3,48.0,5,0,0,,,
2021-03-24 13:07:32,"Q&D Mix x60","Kettlebell Swing",4,48.0,5,0,0,,,
2021-03-24 13:07:32,"Q&D Mix x60","Chest Dip",1,0,5,0,0,"",,
2021-03-24 13:07:32,"Q&D Mix x60","Chest Dip",2,0,5,0,0,,,
2021-03-24 13:07:32,"Q&D Mix x60","Chest Dip",3,0,5,0,0,,,
2021-03-24 13:07:32,"Q&D Mix x60","Chest Dip",4,0,5,0,0,,,
2021-03-24 13:07:32,"Q&D Mix x60","Kettlebell Swing",1,48.0,10,0,0,"",,
2021-03-24 13:07:32,"Q&D Mix x60","Kettlebell Swing",2,48.0,10,0,0,,,
2021-03-24 13:07:32,"Q&D Mix x60","Chest Dip",1,0,10,0,0,"",,
2021-03-24 13:07:32,"Q&D Mix x60","Chest Dip",2,0,10,0,0,,,
2021-03-25 13:33:23,"Press","Overhead Press (Barbell)",1,20.0,10,0,0,"Reduce \n","Week 1: 	47.5 - 55 - 62.5 - 35 or 42.5\nWeek 2: 	45 - 52.5 - 57.5 - 27.5 or 35\nWeek 3: 	52.5 - 57.5 - 65 - 42.5 or 47.5",
2021-03-25 13:33:23,"Press","Overhead Press (Barbell)",2,20.0,5,0,0,,,
2021-03-25 13:33:23,"Press","Overhead Press (Barbell)",3,30.0,3,0,0,,,
2021-03-25 13:33:23,"Press","Overhead Press (Barbell)",4,37.5,1,0,0,,,
2021-03-25 13:33:23,"Press","Overhead Press (Barbell)",5,45.0,5,0,0,,,
2021-03-25 13:33:23,"Press","Overhead Press (Barbell)",6,52.5,5,0,0,,,
2021-03-25 13:33:23,"Press","Overhead Press (Barbell)",7,57.5,5,0,0,,,
2021-03-25 13:33:23,"Press","Overhead Press (Barbell)",8,35.0,10,0,0,,,
2021-03-25 13:33:23,"Press","Overhead Press (Barbell)",9,35.0,10,0,0,,,
2021-03-25 13:33:23,"Press","Overhead Press (Barbell)",10,35.0,10,0,0,,,
2021-03-25 13:33:23,"Press","Overhead Press (Barbell)",11,35.0,10,0,0,,,
2021-03-25 13:33:23,"Press","Overhead Press (Barbell)",12,35.0,10,0,0,,,
2021-03-25 13:33:23,"Press","Bicep Curl (Barbell)",1,30.0,10,0,0,"",,
2021-03-25 13:33:23,"Press","Bicep Curl (Barbell)",2,30.0,10,0,0,,,
2021-03-25 13:33:23,"Press","Bicep Curl (Barbell)",3,30.0,10,0,0,,,
2021-03-25 13:33:23,"Press","Bicep Curl (Barbell)",4,30.0,10,0,0,,,
2021-03-25 13:33:23,"Press","Bicep Curl (Barbell)",5,30.0,10,0,0,,,
2021-03-25 13:33:23,"Press","Bicep Curl (Barbell)",6,30.0,10,0,0,,,
2021-03-25 13:33:23,"Press","Bicep Curl (Barbell)",7,30.0,10,0,0,,,
2021-03-25 13:33:23,"Press","Bicep Curl (Barbell)",8,30.0,10,0,0,,,
2021-03-27 13:38:36,"Deadlift","Deadlift (Barbell)",1,20.0,10,0,0,"","Week 1: 	115 - 130 - 147.5 - 82.5 or 97.5\nWeek 2: 	107.5 - 122.5 - 140 - 65 or 82.5\nWeek 3: 	122.5 - 140 - 155 - 97.5 or 115",
2021-03-27 13:38:36,"Deadlift","Deadlift (Barbell)",2,60.0,5,0,0,,,
2021-03-27 13:38:36,"Deadlift","Deadlift (Barbell)",3,72.5,3,0,0,,,
2021-03-27 13:38:36,"Deadlift","Deadlift (Barbell)",4,105.0,1,0,0,,,
2021-03-27 13:38:36,"Deadlift","Deadlift (Barbell)",5,117.5,1,0,0,,,
2021-03-27 13:38:36,"Deadlift","Deadlift (Barbell)",6,122.5,5,0,0,,,
2021-03-27 13:38:36,"Deadlift","Deadlift (Barbell)",7,140.0,5,0,0,,,
2021-03-27 13:38:36,"Deadlift","Deadlift (Barbell)",8,155.0,5,0,0,,,
2021-03-27 13:38:36,"Deadlift","Deadlift (Barbell)",9,97.5,10,0,0,,,
2021-03-27 13:38:36,"Deadlift","Deadlift (Barbell)",10,97.5,10,0,0,,,
2021-03-27 13:38:36,"Deadlift","Deadlift (Barbell)",11,97.5,10,0,0,,,
2021-03-27 13:38:36,"Deadlift","Deadlift (Barbell)",12,97.5,10,0,0,,,
2021-03-27 13:38:36,"Deadlift","Deadlift (Barbell)",13,97.5,10,0,0,,,
2021-03-27 13:38:36,"Deadlift","Hanging Leg Raise",1,0,6,0,0,"",,
2021-03-27 13:38:36,"Deadlift","Hanging Leg Raise",2,0,6,0,0,,,
2021-03-27 13:38:36,"Deadlift","Hanging Leg Raise",3,0,6,0,0,,,
2021-03-27 13:38:36,"Deadlift","Hanging Leg Raise",4,0,6,0,0,,,
2021-03-27 13:38:36,"Deadlift","Hanging Leg Raise",5,0,6,0,0,,,
2021-03-27 13:38:36,"Deadlift","Hanging Leg Raise",6,0,6,0,0,,,
2021-03-27 13:38:36,"Deadlift","Hanging Leg Raise",7,0,6,0,0,,,
2021-03-27 13:38:36,"Deadlift","Hanging Leg Raise",8,0,6,0,0,,,
2021-03-29 14:13:10,"Q&D Mix x80","Kettlebell Swing",1,48.0,10,0,0,"","",
2021-03-29 14:13:10,"Q&D Mix x80","Kettlebell Swing",2,48.0,10,0,0,,,
2021-03-29 14:13:10,"Q&D Mix x80","Chest Dip",1,0,10,0,0,"",,
2021-03-29 14:13:10,"Q&D Mix x80","Chest Dip",2,0,10,0,0,,,
2021-03-29 14:13:10,"Q&D Mix x80","Kettlebell Swing",1,48.0,5,0,0,"",,
2021-03-29 14:13:10,"Q&D Mix x80","Kettlebell Swing",2,48.0,5,0,0,,,
2021-03-29 14:13:10,"Q&D Mix x80","Kettlebell Swing",3,48.0,5,0,0,,,
2021-03-29 14:13:10,"Q&D Mix x80","Kettlebell Swing",4,48.0,5,0,0,,,
2021-03-29 14:13:10,"Q&D Mix x80","Chest Dip",1,0,5,0,0,"",,
2021-03-29 14:13:10,"Q&D Mix x80","Chest Dip",2,0,5,0,0,,,
2021-03-29 14:13:10,"Q&D Mix x80","Chest Dip",3,0,5,0,0,,,
2021-03-29 14:13:10,"Q&D Mix x80","Chest Dip",4,0,5,0,0,,,
2021-03-29 14:13:10,"Q&D Mix x80","Kettlebell Swing",1,48.0,10,0,0,"",,
2021-03-29 14:13:10,"Q&D Mix x80","Kettlebell Swing",2,48.0,10,0,0,,,
2021-03-29 14:13:10,"Q&D Mix x80","Chest Dip",1,0,10,0,0,"",,
2021-03-29 14:13:10,"Q&D Mix x80","Chest Dip",2,0,10,0,0,,,
2021-03-29 14:13:10,"Q&D Mix x80","Kettlebell Swing",1,48.0,5,0,0,"",,
2021-03-29 14:13:10,"Q&D Mix x80","Kettlebell Swing",2,48.0,5,0,0,,,
2021-03-29 14:13:10,"Q&D Mix x80","Kettlebell Swing",3,48.0,5,0,0,,,
2021-03-29 14:13:10,"Q&D Mix x80","Kettlebell Swing",4,48.0,5,0,0,,,
2021-03-29 14:13:10,"Q&D Mix x80","Chest Dip",1,0,5,0,0,"",,
2021-03-29 14:13:10,"Q&D Mix x80","Chest Dip",2,0,5,0,0,,,
2021-03-29 14:13:10,"Q&D Mix x80","Chest Dip",3,0,5,0,0,,,
2021-03-29 14:13:10,"Q&D Mix x80","Chest Dip",4,0,5,0,0,,,
2021-03-30 13:38:12,"Bench","Bench Press (Barbell)",1,20.0,10,0,0,"","Week 1: 	82.5 - 95 - 107.5 - 60 or 72.5\nWeek 2: 	77.5 - 90 - 100 - 47.5 or 60\nWeek 3: 	90 - 100 - 112.5 - 72.5 or 82.5",
2021-03-30 13:38:12,"Bench","Bench Press (Barbell)",2,35.0,5,0,0,,,
2021-03-30 13:38:12,"Bench","Bench Press (Barbell)",3,50.0,3,0,0,,,
2021-03-30 13:38:12,"Bench","Bench Press (Barbell)",4,65.0,1,0,0,,,
2021-03-30 13:38:12,"Bench","Bench Press (Barbell)",5,72.5,1,0,0,,,
2021-03-30 13:38:12,"Bench","Bench Press (Barbell)",6,77.5,5,0,0,,,
2021-03-30 13:38:12,"Bench","Bench Press (Barbell)",7,90.0,5,0,0,,,
2021-03-30 13:38:12,"Bench","Bench Press (Barbell)",8,100.0,9,0,0,,,
2021-03-30 13:38:12,"Bench","Bench Press (Barbell)",9,60.0,10,0,0,,,
2021-03-30 13:38:12,"Bench","Bench Press (Barbell)",10,60.0,10,0,0,,,
2021-03-30 13:38:12,"Bench","Bench Press (Barbell)",11,60.0,10,0,0,,,
2021-03-30 13:38:12,"Bench","Bench Press (Barbell)",12,60.0,10,0,0,,,
2021-03-30 13:38:12,"Bench","Bench Press (Barbell)",13,60.0,10,0,0,,,
2021-03-30 13:38:12,"Bench","Inverted Row (Bodyweight)",1,0,10,0,0,"",,
2021-03-30 13:38:12,"Bench","Inverted Row (Bodyweight)",2,0,10,0,0,,,
2021-03-30 13:38:12,"Bench","Inverted Row (Bodyweight)",3,0,10,0,0,,,
2021-03-30 13:38:12,"Bench","Inverted Row (Bodyweight)",4,0,10,0,0,,,
2021-03-30 13:38:12,"Bench","Inverted Row (Bodyweight)",5,0,10,0,0,,,
2021-03-30 13:38:12,"Bench","Inverted Row (Bodyweight)",6,0,10,0,0,,,
2021-03-30 13:38:12,"Bench","Inverted Row (Bodyweight)",7,0,10,0,0,,,
2021-03-30 13:38:12,"Bench","Inverted Row (Bodyweight)",8,0,10,0,0,,,
2021-04-03 14:36:06,"Squat","Squat (Barbell)",1,20.0,10,0,0,"","Week 1: 	95 - 110 - 122.5 - 67.5 or 82.5\nWeek 2: 	90 - 102.5 - 115 - 55 or 67.5\nWeek 3: 	102.5 - 115 - 130 - 82.5 or 95",
2021-04-03 14:36:06,"Squat","Squat (Barbell)",2,40.0,5,0,0,,,
2021-04-03 14:36:06,"Squat","Squat (Barbell)",3,62.5,3,0,0,,,
2021-04-03 14:36:06,"Squat","Squat (Barbell)",4,87.5,1,0,0,,,
2021-04-03 14:36:06,"Squat","Squat (Barbell)",5,97.5,1,0,0,,,
2021-04-03 14:36:06,"Squat","Squat (Barbell)",6,102.8,5,0,0,,,
2021-04-03 14:36:06,"Squat","Squat (Barbell)",7,115.0,5,0,0,,,
2021-04-03 14:36:06,"Squat","Squat (Barbell)",8,130.0,5,0,0,,,
2021-04-03 14:36:06,"Squat","Squat (Barbell)",9,82.5,10,0,0,,,
2021-04-03 14:36:06,"Squat","Squat (Barbell)",10,82.5,10,0,0,,,
2021-04-03 14:36:06,"Squat","Squat (Barbell)",11,82.5,10,0,0,,,
2021-04-03 14:36:06,"Squat","Squat (Barbell)",12,82.5,10,0,0,,,
2021-04-03 14:36:06,"Squat","Squat (Barbell)",13,82.5,10,0,0,,,
2021-04-03 14:36:06,"Squat","Bicep Curl (Barbell)",1,32.5,9,0,0,"",,
2021-04-03 14:36:06,"Squat","Bicep Curl (Barbell)",2,32.5,9,0,0,,,
2021-04-03 14:36:06,"Squat","Bicep Curl (Barbell)",3,32.5,9,0,0,,,
2021-04-03 14:36:06,"Squat","Bicep Curl (Barbell)",4,32.5,9,0,0,,,
2021-04-03 14:36:06,"Squat","Bicep Curl (Barbell)",5,32.5,9,0,0,,,
2021-04-03 14:36:06,"Squat","Bicep Curl (Barbell)",6,32.5,9,0,0,,,
2021-04-03 14:36:06,"Squat","Bicep Curl (Barbell)",7,32.5,9,0,0,,,
2021-04-03 14:36:06,"Squat","Bicep Curl (Barbell)",8,32.5,9,0,0,,,
2021-04-05 12:38:45,"Q&D Mix x60","Kettlebell Swing",1,48.0,10,0,0,"","",
2021-04-05 12:38:45,"Q&D Mix x60","Kettlebell Swing",2,48.0,10,0,0,,,
2021-04-05 12:38:45,"Q&D Mix x60","Chest Dip",1,0,10,0,0,"",,
2021-04-05 12:38:45,"Q&D Mix x60","Chest Dip",2,0,10,0,0,,,
2021-04-05 12:38:45,"Q&D Mix x60","Kettlebell Swing",1,48.0,5,0,0,"",,
2021-04-05 12:38:45,"Q&D Mix x60","Kettlebell Swing",2,48.0,5,0,0,,,
2021-04-05 12:38:45,"Q&D Mix x60","Kettlebell Swing",3,48.0,5,0,0,,,
2021-04-05 12:38:45,"Q&D Mix x60","Kettlebell Swing",4,48.0,5,0,0,,,
2021-04-05 12:38:45,"Q&D Mix x60","Chest Dip",1,0,5,0,0,"",,
2021-04-05 12:38:45,"Q&D Mix x60","Chest Dip",2,0,5,0,0,,,
2021-04-05 12:38:45,"Q&D Mix x60","Chest Dip",3,0,5,0,0,,,
2021-04-05 12:38:45,"Q&D Mix x60","Chest Dip",4,0,5,0,0,,,
2021-04-05 12:38:45,"Q&D Mix x60","Kettlebell Swing",1,48.0,10,0,0,"",,
2021-04-05 12:38:45,"Q&D Mix x60","Kettlebell Swing",2,48.0,10,0,0,,,
2021-04-05 12:38:45,"Q&D Mix x60","Chest Dip",1,0,10,0,0,"",,
2021-04-05 12:38:45,"Q&D Mix x60","Chest Dip",2,0,10,0,0,,,
2021-04-06 13:07:11,"Press","Overhead Press (Barbell)",1,20.0,10,0,0,"Reduce \n","Week 1: 	47.5 - 55 - 62.5 - 35 or 42.5\nWeek 2: 	45 - 52.5 - 57.5 - 27.5 or 35\nWeek 3: 	52.5 - 57.5 - 65 - 42.5 or 47.5",
2021-04-06 13:07:11,"Press","Overhead Press (Barbell)",2,20.0,5,0,0,,,
2021-04-06 13:07:11,"Press","Overhead Press (Barbell)",3,32.5,3,0,0,,,
2021-04-06 13:07:11,"Press","Overhead Press (Barbell)",4,45.0,1,0,0,,,
2021-04-06 13:07:11,"Press","Overhead Press (Barbell)",5,52.5,5,0,0,,,
2021-04-06 13:07:11,"Press","Overhead Press (Barbell)",6,57.5,5,0,0,,,
2021-04-06 13:07:11,"Press","Overhead Press (Barbell)",7,65.0,5,0,0,,,
2021-04-06 13:07:11,"Press","Overhead Press (Barbell)",8,45.0,10,0,0,,,
2021-04-06 13:07:11,"Press","Overhead Press (Barbell)",9,45.0,10,0,0,,,
2021-04-06 13:07:11,"Press","Overhead Press (Barbell)",10,45.0,10,0,0,,,
2021-04-06 13:07:11,"Press","Overhead Press (Barbell)",11,45.0,10,0,0,,,
2021-04-06 13:07:11,"Press","Overhead Press (Barbell)",12,45.0,7,0,0,,,
2021-04-06 13:07:11,"Press","Bicep Curl (Barbell)",1,35.0,8,0,0,"",,
2021-04-06 13:07:11,"Press","Bicep Curl (Barbell)",2,35.0,8,0,0,,,
2021-04-06 13:07:11,"Press","Bicep Curl (Barbell)",3,35.0,8,0,0,,,
2021-04-06 13:07:11,"Press","Bicep Curl (Barbell)",4,35.0,8,0,0,,,
2021-04-06 13:07:11,"Press","Bicep Curl (Barbell)",5,35.0,8,0,0,,,
2021-04-06 13:07:11,"Press","Bicep Curl (Barbell)",6,35.0,8,0,0,,,
2021-04-06 13:07:11,"Press","Bicep Curl (Barbell)",7,35.0,8,0,0,,,
2021-04-06 13:07:11,"Press","Bicep Curl (Barbell)",8,35.0,8,0,0,,,
2021-04-07 14:24:42,"Q&D 4x5 x80","Kettlebell Swing",1,48.0,5,0,0,"","",
2021-04-07 14:24:42,"Q&D 4x5 x80","Kettlebell Swing",2,48.0,5,0,0,,,
2021-04-07 14:24:42,"Q&D 4x5 x80","Kettlebell Swing",3,48.0,5,0,0,,,
2021-04-07 14:24:42,"Q&D 4x5 x80","Kettlebell Swing",4,48.0,5,0,0,,,
2021-04-07 14:24:42,"Q&D 4x5 x80","Chest Dip",1,0,5,0,0,"",,
2021-04-07 14:24:42,"Q&D 4x5 x80","Chest Dip",2,0,5,0,0,,,
2021-04-07 14:24:42,"Q&D 4x5 x80","Chest Dip",3,0,5,0,0,,,
2021-04-07 14:24:42,"Q&D 4x5 x80","Chest Dip",4,0,5,0,0,,,
2021-04-07 14:24:42,"Q&D 4x5 x80","Kettlebell Swing",1,48.0,5,0,0,"",,
2021-04-07 14:24:42,"Q&D 4x5 x80","Kettlebell Swing",2,48.0,5,0,0,,,
2021-04-07 14:24:42,"Q&D 4x5 x80","Kettlebell Swing",3,48.0,5,0,0,,,
2021-04-07 14:24:42,"Q&D 4x5 x80","Kettlebell Swing",4,48.0,5,0,0,,,
2021-04-07 14:24:42,"Q&D 4x5 x80","Chest Dip",1,0,5,0,0,"",,
2021-04-07 14:24:42,"Q&D 4x5 x80","Chest Dip",2,0,5,0,0,,,
2021-04-07 14:24:42,"Q&D 4x5 x80","Chest Dip",3,0,5,0,0,,,
2021-04-07 14:24:42,"Q&D 4x5 x80","Chest Dip",4,0,5,0,0,,,
2021-04-07 14:24:42,"Q&D 4x5 x80","Kettlebell Swing",1,48.0,5,0,0,"",,
2021-04-07 14:24:42,"Q&D 4x5 x80","Kettlebell Swing",2,48.0,5,0,0,,,
2021-04-07 14:24:42,"Q&D 4x5 x80","Kettlebell Swing",3,48.0,5,0,0,,,
2021-04-07 14:24:42,"Q&D 4x5 x80","Kettlebell Swing",4,48.0,5,0,0,,,
2021-04-07 14:24:42,"Q&D 4x5 x80","Chest Dip",1,0,5,0,0,"",,
2021-04-07 14:24:42,"Q&D 4x5 x80","Chest Dip",2,0,5,0,0,,,
2021-04-07 14:24:42,"Q&D 4x5 x80","Chest Dip",3,0,5,0,0,,,
2021-04-07 14:24:42,"Q&D 4x5 x80","Chest Dip",4,0,5,0,0,,,
2021-04-07 14:24:42,"Q&D 4x5 x80","Kettlebell Swing",1,48.0,5,0,0,"",,
2021-04-07 14:24:42,"Q&D 4x5 x80","Kettlebell Swing",2,48.0,5,0,0,,,
2021-04-07 14:24:42,"Q&D 4x5 x80","Kettlebell Swing",3,48.0,5,0,0,,,
2021-04-07 14:24:42,"Q&D 4x5 x80","Kettlebell Swing",4,48.0,5,0,0,,,
2021-04-07 14:24:42,"Q&D 4x5 x80","Chest Dip",1,0,5,0,0,"",,
2021-04-07 14:24:42,"Q&D 4x5 x80","Chest Dip",2,0,5,0,0,,,
2021-04-07 14:24:42,"Q&D 4x5 x80","Chest Dip",3,0,5,0,0,,,
2021-04-07 14:24:42,"Q&D 4x5 x80","Chest Dip",4,0,5,0,0,,,
2021-04-10 13:52:10,"Bench","Bench Press (Barbell)",1,20.0,10,0,0,"","Week 1: 	82.5 - 95 - 107.5 - 60 or 72.5\nWeek 2: 	77.5 - 90 - 100 - 47.5 or 60\nWeek 3: 	90 - 100 - 112.5 - 72.5 or 82.5",
2021-04-10 13:52:10,"Bench","Bench Press (Barbell)",2,40.0,5,0,0,,,
2021-04-10 13:52:10,"Bench","Bench Press (Barbell)",3,55.0,3,0,0,,,
2021-04-10 13:52:10,"Bench","Bench Press (Barbell)",4,77.5,1,0,0,,,
2021-04-10 13:52:10,"Bench","Bench Press (Barbell)",5,85.0,1,0,0,,,
2021-04-10 13:52:10,"Bench","Bench Press (Barbell)",6,90.0,5,0,0,,,
2021-04-10 13:52:10,"Bench","Bench Press (Barbell)",7,100.0,5,0,0,,,
2021-04-10 13:52:10,"Bench","Bench Press (Barbell)",8,112.5,4,0,0,,,
2021-04-10 13:52:10,"Bench","Bench Press (Barbell)",9,72.5,10,0,0,,,
2021-04-10 13:52:10,"Bench","Bench Press (Barbell)",10,72.5,10,0,0,,,
2021-04-10 13:52:10,"Bench","Bench Press (Barbell)",11,72.5,10,0,0,,,
2021-04-10 13:52:10,"Bench","Bench Press (Barbell)",12,72.5,10,0,0,,,
2021-04-10 13:52:10,"Bench","Bench Press (Barbell)",13,72.5,10,0,0,,,
2021-04-10 13:52:10,"Bench","Inverted Row (Bodyweight)",1,0,10,0,0,"",,
2021-04-10 13:52:10,"Bench","Inverted Row (Bodyweight)",2,0,10,0,0,,,
2021-04-10 13:52:10,"Bench","Inverted Row (Bodyweight)",3,0,10,0,0,,,
2021-04-10 13:52:10,"Bench","Inverted Row (Bodyweight)",4,0,10,0,0,,,
2021-04-10 13:52:10,"Bench","Inverted Row (Bodyweight)",5,0,10,0,0,,,
2021-04-10 13:52:10,"Bench","Inverted Row (Bodyweight)",6,0,10,0,0,,,
2021-04-10 13:52:10,"Bench","Inverted Row (Bodyweight)",7,0,10,0,0,,,
2021-04-10 13:52:10,"Bench","Inverted Row (Bodyweight)",8,0,10,0,0,,,
2021-04-12 13:30:49,"Midday Workout","Kettlebell Swing",1,40.0,10,0,0,"","",
2021-04-12 13:30:49,"Midday Workout","Kettlebell Swing",2,40.0,10,0,0,,,
2021-04-12 13:30:49,"Midday Workout","Kettlebell Swing",3,40.0,10,0,0,,,
2021-04-12 13:30:49,"Midday Workout","Kettlebell Swing",4,40.0,10,0,0,,,
2021-04-12 13:30:49,"Midday Workout","Kettlebell Swing",5,40.0,10,0,0,,,
2021-04-12 13:30:49,"Midday Workout","Kettlebell Swing",6,40.0,10,0,0,,,
2021-04-12 13:30:49,"Midday Workout","Kettlebell Swing",7,40.0,10,0,0,,,
2021-04-12 13:30:49,"Midday Workout","Kettlebell Swing",8,40.0,10,0,0,,,
2021-04-12 13:30:49,"Midday Workout","Kettlebell Swing",9,40.0,10,0,0,,,
2021-04-12 13:30:49,"Midday Workout","Kettlebell Swing",10,40.0,10,0,0,,,
2021-04-12 13:30:49,"Midday Workout","Push Up",1,0,10,0,0,"",,
2021-04-12 13:30:49,"Midday Workout","Push Up",2,0,10,0,0,,,
2021-04-12 13:30:49,"Midday Workout","Push Up",3,0,10,0,0,,,
2021-04-12 13:30:49,"Midday Workout","Push Up",4,0,10,0,0,,,
2021-04-12 13:30:49,"Midday Workout","Push Up",5,0,10,0,0,,,
2021-04-12 13:30:49,"Midday Workout","Push Up",6,0,10,0,0,,,
2021-04-12 13:30:49,"Midday Workout","Push Up",7,0,10,0,0,,,
2021-04-12 13:30:49,"Midday Workout","Push Up",8,0,10,0,0,,,
2021-04-12 13:30:49,"Midday Workout","Push Up",9,0,10,0,0,,,
2021-04-12 13:30:49,"Midday Workout","Push Up",10,0,10,0,0,,,
2021-04-13 13:37:48,"Squat","Squat (Barbell)",1,20.0,10,0,0,"","Cycle 2\nWeek 1: 	100 - 112.5 - 127.5 - 70 or 85\nWeek 2: 	92.5 - 105 - 120 - 57.5 or 70\nWeek 3: 	105 - 120 - 135 - 85 or 100",
2021-04-13 13:37:48,"Squat","Squat (Barbell)",2,40.0,5,0,0,,,
2021-04-13 13:37:48,"Squat","Squat (Barbell)",3,60.0,3,0,0,,,
2021-04-13 13:37:48,"Squat","Squat (Barbell)",4,85.0,1,0,0,,,
2021-04-13 13:37:48,"Squat","Squat (Barbell)",5,95.0,1,0,0,,,
2021-04-13 13:37:48,"Squat","Squat (Barbell)",6,70.0,10,0,0,,,
2021-04-13 13:37:48,"Squat","Squat (Barbell)",7,70.0,10,0,0,,,
2021-04-13 13:37:48,"Squat","Squat (Barbell)",8,70.0,10,0,0,,,
2021-04-13 13:37:48,"Squat","Squat (Barbell)",9,70.0,10,0,0,,,
2021-04-13 13:37:48,"Squat","Squat (Barbell)",10,70.0,10,0,0,,,
2021-04-13 13:37:48,"Squat","Inverted Row (Bodyweight)",1,0,8,0,0,"With 10kg vest",,
2021-04-13 13:37:48,"Squat","Inverted Row (Bodyweight)",2,0,8,0,0,,,
2021-04-13 13:37:48,"Squat","Inverted Row (Bodyweight)",3,0,8,0,0,,,
2021-04-13 13:37:48,"Squat","Inverted Row (Bodyweight)",4,0,8,0,0,,,
2021-04-13 13:37:48,"Squat","Inverted Row (Bodyweight)",5,0,8,0,0,,,
2021-04-14 13:27:22,"100x100 1:30","Kettlebell Swing",1,40.0,10,0,0,"","",
2021-04-14 13:27:22,"100x100 1:30","Kettlebell Swing",2,40.0,10,0,0,,,
2021-04-14 13:27:22,"100x100 1:30","Kettlebell Swing",3,40.0,10,0,0,,,
2021-04-14 13:27:22,"100x100 1:30","Kettlebell Swing",4,40.0,10,0,0,,,
2021-04-14 13:27:22,"100x100 1:30","Kettlebell Swing",5,40.0,10,0,0,,,
2021-04-14 13:27:22,"100x100 1:30","Kettlebell Swing",6,40.0,10,0,0,,,
2021-04-14 13:27:22,"100x100 1:30","Kettlebell Swing",7,40.0,10,0,0,,,
2021-04-14 13:27:22,"100x100 1:30","Kettlebell Swing",8,40.0,10,0,0,,,
2021-04-14 13:27:22,"100x100 1:30","Push Up",1,0,10,0,0,"",,
2021-04-14 13:27:22,"100x100 1:30","Push Up",2,0,10,0,0,,,
2021-04-14 13:27:22,"100x100 1:30","Push Up",3,0,10,0,0,,,
2021-04-14 13:27:22,"100x100 1:30","Push Up",4,0,10,0,0,,,
2021-04-14 13:27:22,"100x100 1:30","Push Up",5,0,10,0,0,,,
2021-04-14 13:27:22,"100x100 1:30","Push Up",6,0,10,0,0,,,
2021-04-14 13:27:22,"100x100 1:30","Push Up",7,0,10,0,0,,,
2021-04-14 13:27:22,"100x100 1:30","Push Up",8,0,10,0,0,,,
2021-04-15 13:36:45,"Press","Overhead Press (Barbell)",1,20.0,10,0,0,"Reduce \n","Cycle 2\n\nWeek 1: 	50 - 57.5 - 65 - 35 or 42.5\nWeek 2: 	47.5 - 52.5 - 60 - 30 or 35\nWeek 3: 	52.5 - 60 - 67.5 - 42.5 or 50",
2021-04-15 13:36:45,"Press","Overhead Press (Barbell)",2,20.0,5,0,0,,,
2021-04-15 13:36:45,"Press","Overhead Press (Barbell)",3,30.0,3,0,0,,,
2021-04-15 13:36:45,"Press","Overhead Press (Barbell)",4,42.5,1,0,0,,,
2021-04-15 13:36:45,"Press","Overhead Press (Barbell)",5,50.0,5,0,0,,,
2021-04-15 13:36:45,"Press","Overhead Press (Barbell)",6,57.5,5,0,0,,,
2021-04-15 13:36:45,"Press","Overhead Press (Barbell)",7,65.0,5,0,0,,,
2021-04-15 13:36:45,"Press","Overhead Press (Barbell)",8,35.0,10,0,0,,,
2021-04-15 13:36:45,"Press","Overhead Press (Barbell)",9,35.0,10,0,0,,,
2021-04-15 13:36:45,"Press","Overhead Press (Barbell)",10,35.0,10,0,0,,,
2021-04-15 13:36:45,"Press","Overhead Press (Barbell)",11,35.0,10,0,0,,,
2021-04-15 13:36:45,"Press","Overhead Press (Barbell)",12,35.0,7,0,0,,,
2021-04-15 13:36:45,"Press","Bicep Curl (Barbell)",1,35.0,9,0,0,"",,
2021-04-15 13:36:45,"Press","Bicep Curl (Barbell)",2,35.0,9,0,0,,,
2021-04-15 13:36:45,"Press","Bicep Curl (Barbell)",3,35.0,9,0,0,,,
2021-04-15 13:36:45,"Press","Bicep Curl (Barbell)",4,35.0,9,0,0,,,
2021-04-15 13:36:45,"Press","Bicep Curl (Barbell)",5,35.0,9,0,0,,,
2021-04-15 13:36:45,"Press","Bicep Curl (Barbell)",6,35.0,9,0,0,,,
2021-04-15 13:36:45,"Press","Bicep Curl (Barbell)",7,35.0,9,0,0,,,
2021-04-15 13:36:45,"Press","Bicep Curl (Barbell)",8,35.0,9,0,0,,,
2021-04-17 13:32:06,"Rack Pull","Deadlift (Barbell)",1,20.0,10,0,0,"","Cycle 1\n\nWeek 1: 	127.5 - 145 - 162.5 - 90 or 110\nWeek 2: 	117.5 - 135 - 155 - 72.5 or 90\nWeek 3: 	135 - 155 - 172.5 - 110 or 127.5",
2021-04-17 13:32:06,"Rack Pull","Deadlift (Barbell)",2,50.0,5,0,0,,,
2021-04-17 13:32:06,"Rack Pull","Deadlift (Barbell)",3,77.5,3,0,0,,,
2021-04-17 13:32:06,"Rack Pull","Deadlift (Barbell)",4,107.5,2,0,0,,,
2021-04-17 13:32:06,"Rack Pull","Deadlift (Barbell)",5,120.0,1,0,0,,,
2021-04-17 13:32:06,"Rack Pull","Deadlift (Barbell)",6,127.5,5,0,0,,,
2021-04-17 13:32:06,"Rack Pull","Deadlift (Barbell)",7,145.0,5,0,0,,,
2021-04-17 13:32:06,"Rack Pull","Deadlift (Barbell)",8,162.5,8,0,0,,,
2021-04-17 13:32:06,"Rack Pull","Deadlift (Barbell)",9,90.0,10,0,0,,,
2021-04-17 13:32:06,"Rack Pull","Deadlift (Barbell)",10,90.0,10,0,0,,,
2021-04-17 13:32:06,"Rack Pull","Deadlift (Barbell)",11,90.0,10,0,0,,,
2021-04-17 13:32:06,"Rack Pull","Deadlift (Barbell)",12,90.0,10,0,0,,,
2021-04-17 13:32:06,"Rack Pull","Deadlift (Barbell)",13,90.0,10,0,0,,,
2021-04-17 13:32:06,"Rack Pull","Hanging Leg Raise",1,0,7,0,0,"",,
2021-04-17 13:32:06,"Rack Pull","Hanging Leg Raise",2,0,7,0,0,,,
2021-04-17 13:32:06,"Rack Pull","Hanging Leg Raise",3,0,7,0,0,,,
2021-04-17 13:32:06,"Rack Pull","Hanging Leg Raise",4,0,7,0,0,,,
2021-04-17 13:32:06,"Rack Pull","Hanging Leg Raise",5,0,7,0,0,,,
2021-04-17 13:32:06,"Rack Pull","Hanging Leg Raise",6,0,7,0,0,,,
2021-04-17 13:32:06,"Rack Pull","Hanging Leg Raise",7,0,7,0,0,,,
2021-04-17 13:32:06,"Rack Pull","Hanging Leg Raise",8,0,7,0,0,,,
2021-04-19 18:08:33,"100x100 1:30","Kettlebell Swing",1,40.0,10,0,0,"","",
2021-04-19 18:08:33,"100x100 1:30","Kettlebell Swing",2,40.0,10,0,0,,,
2021-04-19 18:08:33,"100x100 1:30","Kettlebell Swing",3,40.0,10,0,0,,,
2021-04-19 18:08:33,"100x100 1:30","Kettlebell Swing",4,40.0,10,0,0,,,
2021-04-19 18:08:33,"100x100 1:30","Kettlebell Swing",5,40.0,10,0,0,,,
2021-04-19 18:08:33,"100x100 1:30","Kettlebell Swing",6,40.0,10,0,0,,,
2021-04-19 18:08:33,"100x100 1:30","Kettlebell Swing",7,40.0,10,0,0,,,
2021-04-19 18:08:33,"100x100 1:30","Kettlebell Swing",8,40.0,10,0,0,,,
2021-04-19 18:08:33,"100x100 1:30","Kettlebell Swing",9,40.0,10,0,0,,,
2021-04-19 18:08:33,"100x100 1:30","Kettlebell Swing",10,40.0,10,0,0,,,
2021-04-19 18:08:33,"100x100 1:30","Push Up",1,0,10,0,0,"",,
2021-04-19 18:08:33,"100x100 1:30","Push Up",2,0,10,0,0,,,
2021-04-19 18:08:33,"100x100 1:30","Push Up",3,0,10,0,0,,,
2021-04-19 18:08:33,"100x100 1:30","Push Up",4,0,10,0,0,,,
2021-04-19 18:08:33,"100x100 1:30","Push Up",5,0,10,0,0,,,
2021-04-19 18:08:33,"100x100 1:30","Push Up",6,0,10,0,0,,,
2021-04-19 18:08:33,"100x100 1:30","Push Up",7,0,10,0,0,,,
2021-04-19 18:08:33,"100x100 1:30","Push Up",8,0,10,0,0,,,
2021-04-19 18:08:33,"100x100 1:30","Push Up",9,0,10,0,0,,,
2021-04-19 18:08:33,"100x100 1:30","Push Up",10,0,10,0,0,,,
2021-04-20 13:33:33,"Bench","Bench Press (Barbell)",1,20.0,10,0,0,"","Cycle 2\n\nWeek 1: 	82.5 - 95 - 107.5 - 60 or 72.5\nWeek 2: 	77.5 - 90 - 100 - 47.5 or 60\nWeek 3: 	90 - 100 - 112.5 - 72.5 or 82.5",
2021-04-20 13:33:33,"Bench","Bench Press (Barbell)",2,32.5,5,0,0,,,
2021-04-20 13:33:33,"Bench","Bench Press (Barbell)",3,50.0,3,0,0,,,
2021-04-20 13:33:33,"Bench","Bench Press (Barbell)",4,70.0,2,0,0,,,
2021-04-20 13:33:33,"Bench","Bench Press (Barbell)",5,77.5,1,0,0,,,
2021-04-20 13:33:33,"Bench","Bench Press (Barbell)",6,82.5,5,0,0,,,
2021-04-20 13:33:33,"Bench","Bench Press (Barbell)",7,95.0,5,0,0,,,
2021-04-20 13:33:33,"Bench","Bench Press (Barbell)",8,107.5,5,0,0,,,
2021-04-20 13:33:33,"Bench","Bench Press (Barbell)",9,70.0,10,0,0,,,
2021-04-20 13:33:33,"Bench","Bench Press (Barbell)",10,70.0,10,0,0,,,
2021-04-20 13:33:33,"Bench","Bench Press (Barbell)",11,70.0,10,0,0,,,
2021-04-20 13:33:33,"Bench","Bench Press (Barbell)",12,70.0,10,0,0,,,
2021-04-20 13:33:33,"Bench","Bench Press (Barbell)",13,70.0,10,0,0,,,
2021-04-20 13:33:33,"Bench","Inverted Row (Bodyweight)",1,0,9,0,0,"With 10kg vest",,
2021-04-20 13:33:33,"Bench","Inverted Row (Bodyweight)",2,0,9,0,0,,,
2021-04-20 13:33:33,"Bench","Inverted Row (Bodyweight)",3,0,9,0,0,,,
2021-04-20 13:33:33,"Bench","Inverted Row (Bodyweight)",4,0,9,0,0,,,
2021-04-20 13:33:33,"Bench","Inverted Row (Bodyweight)",5,0,9,0,0,,,
2021-04-20 13:33:33,"Bench","Inverted Row (Bodyweight)",6,0,9,0,0,,,
2021-04-20 13:33:33,"Bench","Inverted Row (Bodyweight)",7,0,9,0,0,,,
2021-04-20 13:33:33,"Bench","Inverted Row (Bodyweight)",8,0,10,0,0,,,
2021-04-21 18:07:01,"Q&D 4x5 x40","Kettlebell Swing",1,40.0,5,0,0,"","",
2021-04-21 18:07:01,"Q&D 4x5 x40","Kettlebell Swing",2,40.0,5,0,0,,,
2021-04-21 18:07:01,"Q&D 4x5 x40","Kettlebell Swing",3,40.0,5,0,0,,,
2021-04-21 18:07:01,"Q&D 4x5 x40","Kettlebell Swing",4,40.0,5,0,0,,,
2021-04-21 18:07:01,"Q&D 4x5 x40","Chest Dip",1,0,5,0,0,"",,
2021-04-21 18:07:01,"Q&D 4x5 x40","Chest Dip",2,0,5,0,0,,,
2021-04-21 18:07:01,"Q&D 4x5 x40","Chest Dip",3,0,5,0,0,,,
2021-04-21 18:07:01,"Q&D 4x5 x40","Chest Dip",4,0,5,0,0,,,
2021-04-21 18:07:01,"Q&D 4x5 x40","Kettlebell Swing",1,40.0,5,0,0,"",,
2021-04-21 18:07:01,"Q&D 4x5 x40","Kettlebell Swing",2,40.0,5,0,0,,,
2021-04-21 18:07:01,"Q&D 4x5 x40","Kettlebell Swing",3,40.0,5,0,0,,,
2021-04-21 18:07:01,"Q&D 4x5 x40","Kettlebell Swing",4,40.0,5,0,0,,,
2021-04-21 18:07:01,"Q&D 4x5 x40","Chest Dip",1,0,5,0,0,"",,
2021-04-21 18:07:01,"Q&D 4x5 x40","Chest Dip",2,0,5,0,0,,,
2021-04-21 18:07:01,"Q&D 4x5 x40","Chest Dip",3,0,5,0,0,,,
2021-04-21 18:07:01,"Q&D 4x5 x40","Chest Dip",4,0,5,0,0,,,
2021-04-26 11:40:27,"Squat","Squat (Barbell)",1,20.0,10,0,0,"","Cycle 2\nWeek 1: 	100 - 112.5 - 127.5 - 70 or 85\nWeek 2: 	92.5 - 105 - 120 - 57.5 or 70\nWeek 3: 	105 - 120 - 135 - 85 or 100",
2021-04-26 11:40:27,"Squat","Squat (Barbell)",2,37.5,5,0,0,,,
2021-04-26 11:40:27,"Squat","Squat (Barbell)",3,55.0,3,0,0,,,
2021-04-26 11:40:27,"Squat","Squat (Barbell)",4,77.5,2,0,0,,,
2021-04-26 11:40:27,"Squat","Squat (Barbell)",5,87.5,1,0,0,,,
2021-04-26 11:40:27,"Squat","Squat (Barbell)",6,92.5,5,0,0,,,
2021-04-26 11:40:27,"Squat","Squat (Barbell)",7,105.0,5,0,0,,,
2021-04-26 11:40:27,"Squat","Squat (Barbell)",8,120.0,5,0,0,,,
2021-04-26 11:40:27,"Squat","Squat (Barbell)",9,70.0,10,0,0,,,
2021-04-26 11:40:27,"Squat","Squat (Barbell)",10,70.0,10,0,0,,,
2021-04-26 11:40:27,"Squat","Squat (Barbell)",11,70.0,10,0,0,,,
2021-04-26 11:40:27,"Squat","Squat (Barbell)",12,70.0,10,0,0,,,
2021-04-26 11:40:27,"Squat","Squat (Barbell)",13,70.0,10,0,0,,,
2021-04-26 11:40:27,"Squat","Bicep Curl (Barbell)",1,35.0,8,0,0,"",,
2021-04-26 11:40:27,"Squat","Bicep Curl (Barbell)",2,35.0,8,0,0,,,
2021-04-26 11:40:27,"Squat","Bicep Curl (Barbell)",3,35.0,8,0,0,,,
2021-04-26 11:40:27,"Squat","Bicep Curl (Barbell)",4,35.0,8,0,0,,,
2021-04-26 11:40:27,"Squat","Bicep Curl (Barbell)",5,35.0,8,0,0,,,
2021-04-26 11:40:27,"Squat","Bicep Curl (Barbell)",6,35.0,8,0,0,,,
2021-04-26 11:40:27,"Squat","Bicep Curl (Barbell)",7,35.0,8,0,0,,,
2021-04-26 11:40:27,"Squat","Bicep Curl (Barbell)",8,35.0,8,0,0,,,
2021-05-01 14:43:22,"Press","Overhead Press (Barbell)",1,20.0,10,0,0,"Reduce \n","Cycle 2\n\nWeek 1: 	50 - 57.5 - 65 - 35 or 42.5\nWeek 2: 	47.5 - 52.5 - 60 - 30 or 35\nWeek 3: 	52.5 - 60 - 67.5 - 42.5 or 50",
2021-05-01 14:43:22,"Press","Overhead Press (Barbell)",2,20.0,5,0,0,,,
2021-05-01 14:43:22,"Press","Overhead Press (Barbell)",3,30.0,5,0,0,,,
2021-05-01 14:43:22,"Press","Overhead Press (Barbell)",4,42.5,2,0,0,,,
2021-05-01 14:43:22,"Press","Overhead Press (Barbell)",5,47.5,5,0,0,,,
2021-05-01 14:43:22,"Press","Overhead Press (Barbell)",6,52.5,5,0,0,,,
2021-05-01 14:43:22,"Press","Overhead Press (Barbell)",7,60.0,8,0,0,,,
2021-05-01 14:43:22,"Press","Overhead Press (Barbell)",8,35.0,10,0,0,,,
2021-05-01 14:43:22,"Press","Overhead Press (Barbell)",9,35.0,10,0,0,,,
2021-05-01 14:43:22,"Press","Overhead Press (Barbell)",10,35.0,10,0,0,,,
2021-05-01 14:43:22,"Press","Overhead Press (Barbell)",11,35.0,10,0,0,,,
2021-05-01 14:43:22,"Press","Overhead Press (Barbell)",12,35.0,7,0,0,,,
2021-05-01 14:43:22,"Press","Bent Over One Arm Row (Dumbbell)",1,32.0,5,0,0,"",,
2021-05-01 14:43:22,"Press","Bent Over One Arm Row (Dumbbell)",2,32.0,5,0,0,,,
2021-05-01 14:43:22,"Press","Bent Over One Arm Row (Dumbbell)",3,32.0,5,0,0,,,
2021-05-01 14:43:22,"Press","Bent Over One Arm Row (Dumbbell)",4,32.0,5,0,0,,,
2021-05-01 14:43:22,"Press","Bent Over One Arm Row (Dumbbell)",5,32.0,5,0,0,,,
2021-05-01 14:43:22,"Press","Bent Over One Arm Row (Dumbbell)",6,32.0,5,0,0,,,
2021-05-01 14:43:22,"Press","Bent Over One Arm Row (Dumbbell)",7,32.0,5,0,0,,,
2021-05-01 14:43:22,"Press","Bent Over One Arm Row (Dumbbell)",8,32.0,5,0,0,,,
2021-05-01 14:43:22,"Press","Bent Over One Arm Row (Dumbbell)",9,32.0,5,0,0,,,
2021-05-01 14:43:22,"Press","Bent Over One Arm Row (Dumbbell)",10,32.0,5,0,0,,,
2021-05-01 14:43:22,"Press","Bent Over One Arm Row (Dumbbell)",11,32.0,5,0,0,,,
2021-05-01 14:43:22,"Press","Bent Over One Arm Row (Dumbbell)",12,32.0,5,0,0,,,
